,media_id,favorites,coins,views,danmakus,media_tags,score,cm_count
0,6312,3558734,431229,82208552,2133541,"['恋爱', '校园', '漫画改', '搞笑', '日常', '声控']",9.6,22235.0
1,102792,3838468,482165,87398650,2695540,"['恋爱', '推理', '游戏改', '冒险']",9.6,42162.0
2,6446,3911659,452858,102659185,3190601,"['萌系', '搞笑', '日常', '漫画改']",9.4,29521.0
3,8792,3954400,635263,193861261,2922407,"['小说改', '奇幻', '战斗', '魔法', '架空', '穿越']",9.6,58505.0
4,130412,3976659,960553,131914751,2567173,"['小说改', '热血', '奇幻', '战斗', '励志', '架空', '穿越', '冒险']",8.3,72987.0
5,102252,4046540,818875,200157550,2840398,"['小说改', '奇幻', '智斗', '战斗', '魔法', '架空', '穿越']",9.3,60520.0
6,134932,4055527,1040155,92863971,2113015,"['小说改', '恋爱', '奇幻', '校园']",9.8,88706.0
7,3450,4369228,538164,161890320,2701845,"['搞笑', '校园', '日常']",9.1,17392.0
8,5267730,4432804,1036674,126530711,2872775,"['恋爱', '校园', '智斗', '日常', '漫画改', '搞笑']",9.8,159389.0
9,3461,4545317,767423,181035660,10464988,"['奇幻', '战斗', '励志', '小说改', '架空', '穿越']",9.1,26394.0
10,8892,4630254,798345,72519663,2317711,"['小说改', '奇幻', '治愈', '架空']",9.7,127382.0
11,28222723,415949,149896,22568047,266617,"['小说改', '穿越', '科幻', '架空', '冒险', '战斗']",9.2,13963.0
12,139252,4958340,1171601,208738002,3232197,"['小说改', '奇幻', '战斗', '魔法', '架空', '穿越', '冒险']",9.4,67068.0
13,28222734,781243,132548,20714262,244230,"['漫画改', '热血', '战斗', '奇幻', '校园']",9.3,11114.0
14,5997,5017344,575002,130750635,6898164,"['小说改', '搞笑', '恋爱']",9.0,31068.0
15,7452,2825273,162315,57177734,1609266,"['热血', '战斗', '架空']",9.6,27700.0
16,135652,2856476,817928,202581923,2264497,"['热血', '智斗', '战斗', '漫画改', '冒险']",9.8,173354.0
17,5998,2859629,201378,69821777,2299740,"['科幻', '奇幻', '原创', '穿越']",8.5,17639.0
18,78552,2871608,453421,136335677,2516751,"['热血', '战斗', '励志', '漫画改', '架空']",9.7,65300.0
19,835,2913590,274453,29515759,2019108,"['日常', '治愈', '催泪', '原创']",9.5,16955.0
20,1586,2978175,221287,117824670,4691753,"['奇幻', '热血']",9.3,11465.0
21,4316382,2980328,457578,71500424,1711930,"['恋爱', '校园', '日常', '漫画改']",8.7,38672.0
22,425,2994053,371881,51291444,4210171,"['校园', '战斗', '奇幻', '漫画改']",9.6,13995.0
23,3398,3169519,218104,43053711,1962221,"['恋爱', '推理', '校园', '日常', '社团']",9.8,29010.0
24,28222061,1791114,243074,26942430,435046,"['游戏改', '奇幻', '战斗', '冒险', '声控', '穿越']",9.7,14321.0
25,4316482,3224821,840210,153901397,2687987,"['小说改', '奇幻', '魔法', '架空', '穿越', '冒险']",7.2,202745.0
26,1699,3233584,359188,94524828,3795105,"['少女', '音乐', '催泪', '恋爱']",9.7,23646.0
27,5550,2267213,245863,42675044,1467316,"['治愈', '催泪', '神魔', '漫画改']",9.6,4467.0
28,1588,2282044,125291,36349112,2499252,"['奇幻', '战斗', '热血', '原创', '架空']",8.7,14291.0
29,78352,2308299,237234,62859097,827192,"['搞笑', '日常', '漫画改']",9.6,29860.0
30,28221390,2315886,232127,73674227,1203298,"['小说改', '奇幻', '战斗', '冒险', '架空', '穿越']",5.5,189402.0
31,5058,2320019,159004,73811641,1160667,"['热血', '奇幻', '战斗']",9.7,14320.0
32,5267750,2329506,297527,41488620,555803,"['热血', '智斗', '励志', '漫画改']",9.8,48799.0
33,8772,2389199,126228,36069890,794405,"['奇幻', '战斗', '游戏改']",8.8,35273.0
34,1650,2393308,114841,54684259,2940615,"['时泪', '奇幻', '战斗', '热血', '声控']",9.5,10080.0
35,3365,2398718,102164,23364549,1125823,"['恋爱', '奇幻', '战斗']",9.4,10032.0
36,8932,2440105,196856,57625320,2211878,"['小说改', '职场']",9.0,19265.0
37,33512,2458260,292089,49190104,881117,"['日常', '美食']",9.8,40665.0
38,6440,2461624,167835,46298362,1240035,"['小说改', '恋爱']",9.2,22143.0
39,134912,2493527,431046,63334961,1040263,"['小说改', '热血', '科幻', '奇幻', '校园', '战斗', '魔法']",7.7,41948.0
40,1512,2512809,184345,76690234,2237746,"['恋爱', '小说改']",9.3,12229.0
41,2572,2521749,211095,78015424,1455218,"['奇幻', '日常', '校园', '战斗', '穿越']",9.3,18643.0
42,6434,2529403,154320,50236823,1257992,"['战斗', '漫画改', '架空', '励志', '催泪']",9.8,47670.0
43,5017,1969500,176019,71282553,1680908,"['热血', '美食']",9.3,4318.0
44,1552,2001895,306534,40990327,1867470,"['科幻', '日常', '少女', '催泪']",9.6,11597.0
45,5793,2008633,164550,48904444,1517666,"['日常', '漫画改', '神魔']",9.5,9284.0
46,4340,2011987,202785,27319250,2319793,['恋爱'],9.6,10067.0
47,5912238,2020787,219373,36323260,473596,"['小说改', '奇幻', '魔法', '冒险', '推理']",9.8,33165.0
48,2731,2024115,116915,27894045,1133877,"['奇幻', '战斗', '漫画改']",9.5,7680.0
49,53,2049218,78630,11844129,255921,"['搞笑', '校园', '少女', '漫画改', '恋爱']",9.8,22808.0
50,4762754,2065327,245699,44765138,1227715,"['小说改', '萌系', '奇幻', '战斗', '魔法']",7.7,32446.0
51,28222700,395590,30265,8839345,75708,"['漫画改', '热血', '战斗', '奇幻', '架空']",5.6,7106.0
52,24097891,2097007,484821,55221008,932042,"['原创', '科幻', '音乐', '励志']",9.7,90467.0
53,28221387,2107270,238053,63160711,722323,"['漫画改', '科幻', '励志', '冒险', '热血']",9.6,32332.0
54,1539,2111468,115818,28766643,1483862,"['日常', '校园', '智斗', '恋爱', '小说改']",9.7,15129.0
55,5989,2170761,657354,39252930,2526151,"['恋爱', '校园', '原创', '治愈', '催泪']",9.8,21053.0
56,1177,1690876,63477,7869123,272651,"['时泪', '校园', '治愈', '催泪', '游戏改', '恋爱', '社团']",9.8,21017.0
57,91212,1700415,200478,61181213,2805279,"['热血', '战斗']",9.6,20402.0
58,28221335,1739578,121837,35525283,432531,"['漫画改', '战斗', '热血']",9.1,21842.0
59,5977,1778342,214664,34619744,1170215,"['催泪', '奇幻', '日常', '治愈']",9.8,7545.0
60,2680,1780527,103428,28290121,1349934,"['搞笑', '校园', '日常', '漫画改']",9.8,16761.0
61,28221403,1787787,781806,34876692,1187034,"['漫画改', '校园', '恋爱', '日常', '搞笑']",9.9,77471.0
62,6463,1796169,229203,25891281,895468,"['奇幻', '漫画改', '冒险']",9.8,51387.0
63,11932,1803960,138581,69185710,499206,"['热血', '战斗', '漫画改', '架空', '冒险']",9.7,19866.0
64,2732,1809127,185960,88023716,1917705,"['奇幻', '战斗', '漫画改', '神魔']",9.5,7620.0
65,28222618,1820535,164137,17299231,238837,"['漫画改', '奇幻', '恋爱', '校园', '架空']",9.8,34297.0
66,1587,1820349,193490,97286341,2338238,"['奇幻', '热血']",9.4,9701.0
67,6001,1822860,91196,37307503,940442,"['小说改', '奇幻', '魔法', '架空', '冒险']",8.7,4696.0
68,8812,1826606,196412,59625548,922845,"['搞笑', '校园', '漫画改']",9.8,26893.0
69,28221415,1837888,265527,39608821,817398,"['日常', '漫画改', '校园', '搞笑', '声控']",9.8,48997.0
70,6341,1510383,41737,22649585,567383,"['治愈', '神魔']",9.2,3605.0
71,2722,1511291,85329,69374029,1121154,"['校园', '奇幻', '战斗', '架空', '冒险']",8.1,2319.0
72,1089,1541442,142448,30631282,845394,"['时泪', '奇幻', '战斗', '热血', '架空', '冒险']",9.9,50814.0
73,6304,1555269,77236,54327758,925282,"['小说改', '机战', '奇幻', '魔法', '架空', '穿越']",8.4,6006.0
74,11732,1559410,60003,29333079,529726,"['漫画改', '萌系', '搞笑', '日常']",9.6,10817.0
75,5069,1568437,159421,81577081,1152410,"['校园', '搞笑', '日常', '漫画改']",9.7,11520.0
76,28221401,1574297,125921,42019739,788381,"['小说改', '奇幻', '魔法', '穿越', '冒险', '架空']",8.1,30369.0
77,11712,1577614,109734,40001466,936771,"['搞笑', '漫画改']",8.5,32263.0
78,2660,1580371,90328,24101098,1965341,"['萌系', '校园', '日常', '恋爱', '小说改']",9.2,6090.0
79,28222688,263275,67884,9698407,176371,"['漫画改', '日常', '校园', '恋爱']",9.6,4274.0
80,6310,1594054,65359,34068588,905110,"['小说改', '奇幻', '美食', '架空', '穿越']",9.2,5730.0
81,2743,1602470,182407,60159227,1809081,"['校园', '战斗', '架空', '冒险']",9.3,8588.0
82,844,1616534,27875,5006465,115972,"['萌系', '搞笑', '日常', '漫画改']",9.8,20324.0
83,102312,1619146,248479,40351576,484071,"['搞笑', '校园', '社团', '运动', '声控', '漫画改']",9.8,40864.0
84,2688,1621666,81685,11374685,458225,"['催泪', '日常']",9.5,6810.0
85,969,1326805,51926,9342401,335658,"['日常', '少女', '校园', '恋爱', '搞笑', '漫画改']",9.8,8926.0
86,140552,1340640,119917,38070265,1270545,"['热血', '奇幻', '漫画改', '战斗', '冒险']",9.8,40306.0
87,2546,1347068,104171,11455420,444268,"['日常', '少女', '治愈']",9.6,7647.0
88,427,1354555,203916,27946274,2468986,"['校园', '战斗', '奇幻']",9.6,8584.0
89,5070,1356809,263649,189687020,1233724,"['奇幻', '校园', '泡面', '漫画改']",9.6,5623.0
90,6439,1369472,93421,26523312,348746,"['奇幻', '战斗', '漫画改']",9.8,25459.0
91,2932,1388052,92415,54149817,778867,"['日常', '小说改', '神魔', '职场', '架空', '穿越']",9.7,10622.0
92,1553,1397157,78804,40308573,725452,"['科幻', '热血', '战斗']",9.5,7277.0
93,6432,1397740,100066,25693509,850171,"['萌系', '少女', '日常', '漫画改']",9.5,14866.0
94,79472,1414375,160156,36504049,386139,['运动'],9.8,53369.0
95,2667,1416141,93191,27032365,1882485,"['校园', '恋爱']",9.0,6613.0
96,28222693,1420941,160145,18501611,497731,"['小说改', '校园', '恋爱']",8.8,38279.0
97,959,1421109,46759,5163113,213637,"['奇幻', '校园', '战斗', '催泪', '原创', '穿越']",9.7,12449.0
98,6425,1425484,110459,17854281,532791,"['萌系', '漫画改', '日常', '治愈', '架空']",9.8,20768.0
99,28222622,1427885,78583,17015747,290201,"['小说改', '穿越', '奇幻', '萌系', '架空', '魔法', '搞笑']",9.3,15059.0
100,809,1176505,27647,11548670,444526,"['奇幻', '少女', '恋爱']",9.6,3156.0
101,28221410,1184769,90506,20458222,259517,"['小说改', '职场', '奇幻', '穿越']",9.1,26835.0
102,191,1201772,44410,10271537,600732,"['萌系', '日常', '美食', '治愈', '萝莉']",9.6,4772.0
103,3068,1207791,77174,15944475,1687630,"['校园', '音乐', '偶像', '社团', '励志']",9.6,5793.0
104,12872,1208370,78389,20066406,564468,['小说改'],9.7,23401.0
105,6420,1215217,46822,32798239,516016,"['小说改', '热血', '战斗']",7.7,11529.0
106,5020,1223608,76965,29399925,1010506,"['奇幻', '校园', '穿越']",8.4,2071.0
107,6427,1223516,95698,18451422,581443,"['恋爱', '原创', '校园']",9.5,18310.0
108,439,1233376,45421,33417247,595791,"['奇幻', '战斗', '热血', '架空', '穿越', '冒险']",9.1,3899.0
109,779,1238284,114841,54684374,2940615,"['时泪', '奇幻', '战斗', '热血', '声控']",9.5,7988.0
110,3440,1247846,30274,16338845,598870,"['日常', '神魔']",9.6,3437.0
111,2673,1259941,60598,36342060,1021357,"['搞笑', '校园', '恋爱']",9.4,5025.0
112,28221396,1280195,112447,24546808,360873,"['漫画改', '穿越', '冒险']",9.4,13758.0
113,6447,1284588,53659,31110545,546724,"['搞笑', '日常', '神魔', '漫画改']",9.7,11355.0
114,28223281,11052,6400,414719,7560,['漫画改'],9.7,197.0
115,842,1060189,43962,15590309,742270,"['奇幻', '校园', '恋爱', '小说改']",9.6,5038.0
116,28222619,1062359,36595,9919374,194081,"['小说改', '奇幻', '战斗', '魔法', '架空']",6.5,7864.0
117,79312,1063732,65114,21987038,304338,"['奇幻', '游戏改']",9.1,8171.0
118,964,1073805,108495,23962812,1712033,"['科幻', '校园', '战斗', '热血', '小说改']",8.9,4714.0
119,6470,1093016,49862,9310230,203001,"['恋爱', '音乐', '原创', '校园', '声控']",9.6,7726.0
120,3756,1093465,70440,27017281,3065660,"['少女', '魔法']",9.8,10418.0
121,5043,1098162,103172,24028926,1006689,"['校园', '日常']",9.6,5990.0
122,1656,1102761,24314,13179916,857650,"['奇幻', '日常', '声控', '小说改']",9.6,4109.0
123,28222522,1116580,123737,11576302,327236,"['游戏改', '战斗', '萌系', '架空', '科幻', '声控']",9.4,10935.0
124,102292,1119156,69174,16476379,262496,"['游戏改', '催泪', '推理', '治愈', '穿越', '冒险']",9.2,8403.0
125,28222277,108842,17641,1721603,46487,"['漫画改', '校园', '魔法', '搞笑', '日常', '穿越']",9.7,4932.0
126,11912,1126308,53015,19373990,490509,"['治愈', '美食', '漫画改']",9.2,6664.0
127,5776,1132738,69398,15367725,636397,"['漫画改', '日常', '架空']",9.4,2870.0
128,2760,1150075,65978,41155196,1489120,"['奇幻', '校园', '战斗']",8.6,2975.0
129,5022,1152338,56715,26645559,751570,"['热血', '奇幻', '战斗', '架空', '冒险']",8.1,1178.0
130,6328,1004626,95773,18145410,1128321,"['小说改', '音乐', '萝莉']",8.6,2710.0
131,102272,1008976,67793,12063199,284179,"['战斗', '原创', '架空', '冒险']",8.8,12082.0
132,5797,1010417,36799,15635489,467656,"['战斗', '热血', '萝莉', '原创']",7.9,2153.0
133,4316462,1012056,110424,17278739,206163,"['小说改', '奇幻', '校园', '声控']",9.7,15970.0
134,139632,1012340,120281,16363934,398344,"['萌系', '漫画改']",9.7,10312.0
135,3464,1013832,79787,48697025,1020378,"['奇幻', '校园', '战斗', '架空', '冒险']",8.4,1788.0
136,11672,1021746,107997,15956829,256009,"['奇幻', '日常', '漫画改', '萌系']",9.9,28233.0
137,5027,1024331,66779,18988893,794912,"['萌系', '日常']",9.5,3365.0
138,281,1029547,52251,6192401,202631,"['日常', '奇幻', '励志', '职场']",9.6,7779.0
139,6000,1033042,41765,19854512,408895,"['小说改', '科幻', '架空']",7.9,1997.0
140,856,1043158,7430,974761,26433,"['萌系', '奇幻', '日常', '催泪', '小说改', '推理', '萝莉']",9.7,10156.0
141,6340,1047844,95949,24961788,958221,"['小说改', '校园', '社团']",9.0,11835.0
142,5534,1048698,56188,25667438,1069201,"['乙女', '漫画改', '校园']",8.9,2044.0
143,24069719,1049263,118356,17591918,310677,"['漫画改', '恋爱', '校园', '日常']",9.7,11494.0
144,1064,1049276,25763,7248978,270159,"['奇幻', '科幻', '战斗', '热血', '催泪', '冒险']",9.7,5447.0
145,2539,1053197,52806,13354156,700311,"['奇幻', '魔法', '穿越', '原创']",9.8,14161.0
146,710,922888,18773,2453830,139627,"['奇幻', '日常', '治愈']",9.4,5234.0
147,4388,931646,27876,8841349,354294,['战斗'],8.8,2960.0
148,5798,938798,35915,16415093,372432,"['泡面', '日常']",9.4,2780.0
149,2993,946427,36653,13883560,759302,"['热血', '奇幻', '校园', '战斗']",8.6,2153.0
150,78572,954031,87911,13694631,337209,"['恋爱', '原创']",8.9,11782.0
151,116772,956204,55945,8584040,308844,"['萌系', '少女', '治愈', '日常']",9.8,9005.0
152,132112,961505,123134,20304525,433686,"['搞笑', '日常']",9.9,18418.0
153,5062,962463,54319,13698832,1052630,"['音乐', '偶像']",8.8,2350.0
154,28220104,28410,3237,225860,5322,"['原创', '战斗', '奇幻', '魔法']",9.8,907.0
155,28220103,41322,4377,286110,12809,"['原创', '奇幻', '战斗', '魔法']",9.8,1200.0
156,28222749,973552,54959,11953409,151505,"['漫画改', '校园', '搞笑', '奇幻', '神魔']",9.7,7469.0
157,5056,974104,37167,20359644,664747,"['热血', '智斗', '推理']",7.5,1649.0
158,2654,974787,28789,9170783,287915,"['奇幻', '治愈', '神魔']",9.8,7475.0
159,102112,990207,89346,23719124,353103,"['搞笑', '日常', '神魔']",9.4,10586.0
160,1574,991411,58051,29351905,818589,"['日常', '校园', '漫画改']",9.3,3891.0
161,5523,831675,70486,15241513,306531,"['漫画改', '恋爱', '日常', '励志', '治愈']",9.8,5350.0
162,686,831858,30228,12612583,726521,"['科幻', '校园', '战斗', '热血', '小说改']",8.8,3429.0
163,3120,834218,54588,20255787,791957,"['日常', '搞笑', '美食']",9.1,2068.0
164,3375,839875,40711,7228648,68058,['治愈'],9.7,2957.0
165,419,840263,30980,4062286,116604,"['奇幻', '热血', '原创']",9.8,15385.0
166,818,842611,6200,1919189,60259,"['奇幻', '日常', '战斗', '恋爱', '小说改', '架空', '穿越', '冒险']",9.3,2412.0
167,2591,851153,36693,23315981,428964,"['奇幻', '科幻', '热血', '游戏改']",9.3,2056.0
168,4155,856482,81307,6021685,198903,"['校园', '少女', '恋爱']",9.8,8820.0
169,5806,864507,46342,13285490,338734,"['校园', '社团', '战斗', '游戏改']",9.0,2414.0
170,3489,869512,18506,13979124,413263,"['校园', '战斗']",8.0,1296.0
171,59,871447,22029,5216083,219265,"['少女', '恋爱', '校园']",9.5,2735.0
172,2843,875310,21818,7482573,109076,"['奇幻', '日常']",9.3,2015.0
173,2762,883749,81268,15841995,743005,"['萌系', '日常', '美食', '萝莉']",9.7,4091.0
174,139352,887686,202271,20042540,350211,"['运动', '励志', '小说改', '热血']",9.9,39553.0
175,1239,748540,13824,4249364,99562,"['奇幻', '日常']",9.8,3220.0
176,139272,751457,52246,8623916,137633,"['萌系', '搞笑', '恋爱', '奇幻', '日常', '神魔', '漫画改']",9.5,4686.0
177,297,752981,25860,26564124,2850899,"['萌系', '搞笑', '日常', '治愈', '少女']",9.6,2209.0
178,28220475,758516,97127,16181099,195845,"['漫画改', '历史', '热血', '冒险']",9.8,20059.0
179,4762694,758363,87344,16391249,186414,"['治愈', '漫画改', '萌系']",9.7,9127.0
180,444,759466,9012,1432768,36274,"['奇幻', '少女', '声控', '神魔', '架空', '冒险']",9.5,4526.0
181,2747,761286,36775,12850611,265466,"['奇幻', '小说改']",9.6,2179.0
182,106512,763814,68739,6716105,193193,"['奇幻', '战斗', '小说改', '励志', '架空', '穿越', '冒险']",9.8,15673.0
183,5057,774068,37493,20108502,625120,"['热血', '校园', '智斗']",8.0,2270.0
184,2592,777835,41648,19730385,1100394,"['萌系', '日常', '校园', '热血', '社团']",9.4,4898.0
185,2661,781257,113353,18888360,3179149,"['日常', '萌系', '校园', '小说改']",9.0,6655.0
186,1732,795025,41321,12410793,509874,"['日常', '泡面', '奇幻']",9.7,4884.0
187,6330,800434,61268,12003263,556815,"['职场', '漫画改']",9.5,7160.0
188,1071,801127,31645,5170113,194056,"['奇幻', '日常', '治愈', '小说改', '架空', '冒险']",9.8,6283.0
189,9192,801625,37291,4592789,224191,"['科幻', '原创', '架空']",8.7,15091.0
190,78832,697097,21393,9340769,243769,"['搞笑', '漫画改', '偶像', '魔法']",9.3,5220.0
191,1624,698327,17468,13012379,856594,"['运动', '热血', '声控', '社团', '漫画改', '励志']",9.0,1640.0
192,3530,700468,49391,27565541,837356,"['机战', '科幻', '恋爱', '战斗', '原创']",8.8,1703.0
193,1715,702507,14081,2739605,47342,"['奇幻', '治愈']",9.8,5766.0
194,5786,704007,29445,16733494,95177,"['漫画改', '萌系', '日常', '泡面']",9.6,3377.0
195,5990,706029,33048,11552349,455127,"['搞笑', '漫画改']",9.1,1444.0
196,5029,711207,38016,12379884,421984,"['日常', '治愈', '萌系']",9.5,1612.0
197,21984454,711862,75820,10963576,134034,"['漫画改', '奇幻', '校园', '恋爱', '少女']",9.7,6934.0
198,77552,717479,33404,11536217,183729,"['战斗', '游戏改', '科幻']",8.7,6878.0
199,102232,718983,36173,8914633,268816,"['热血', '社团', '运动', '小说改']",9.6,4091.0
200,5031,719725,16397,13009468,299193,"['奇幻', '战斗']",4.0,1157.0
201,2578,719822,37867,17048278,860456,"['少女', '奇幻', '架空']",9.6,1829.0
202,2724,720115,30366,21684206,519697,"['校园', '奇幻', '战斗']",8.5,1233.0
203,8672,760694,40834,4752938,380623,"['奇幻', '治愈', '催泪', '恋爱']",9.7,11600.0
204,846,730644,14485,2612582,70187,"['萌系', '日常', '小说改']",9.5,3457.0
205,897,641899,13038,4493806,149966,"['日常', '小说改', '推理']",9.2,2016.0
206,23200609,642456,62230,10774061,203666,"['漫画改', '日常', '萌系', '校园']",9.6,5106.0
207,2583,643809,16850,25456482,481825,"['奇幻', '热血']",6.8,1337.0
208,5018,644395,16244,10376958,784426,"['校园', '日常']",7.2,641.0
209,28220978,686457,75010,5984112,246101,"['日常', '校园', '音乐', '漫画改']",9.9,27298.0
210,3516,645898,29829,6298894,439936,"['恋爱', '音乐', '校园', '偶像', '游戏改']",9.6,6584.0
211,28221050,649213,8405,1907743,52247,"['架空', '冒险']",9.6,2640.0
212,2575,655010,28365,17770866,484773,"['萌系', '奇幻', '校园', '战斗', '热血', '魔法']",9.4,2134.0
213,5707,656130,151564,90893080,1596754,"['治愈', '游戏改', '架空', '冒险']",9.5,6927.0
214,1407,656317,25898,10733620,400366,"['搞笑', '日常', '少女', '校园', '社团', '乙女']",9.8,5252.0
215,1665,668523,14529,4211119,248469,"['科幻', '热血', '战斗', '穿越']",9.4,2252.0
216,6308,674343,35695,18184421,494487,"['日常', '神魔']",9.1,3420.0
217,79292,674864,36380,16675279,236216,"['搞笑', '神魔', '漫画改']",9.8,5335.0
218,1635,721125,37305,10126685,330065,"['科幻', '机战', '战斗']",9.7,12525.0
219,5788,681131,72078,19428616,663937,"['原创', '冒险']",9.6,7514.0
220,28221402,682050,36052,14098306,161975,"['漫画改', '战斗', '声控', '奇幻', '架空', '冒险']",8.2,6997.0
221,2740,596088,46109,26899730,671270,"['热血', '机战', '科幻', '战斗']",9.2,1804.0
222,5532,598886,43655,9280479,338641,"['搞笑', '励志', '原创', '职场']",9.0,2196.0
223,324,599972,27498,21145679,1123365,"['奇幻', '搞笑', '热血', '战斗']",9.0,2103.0
224,103032,601886,43051,13196523,169953,"['萌系', '恋爱', '日常', '治愈', '原创']",9.7,4187.0
225,102732,602858,25733,10547661,210955,"['小说改', '催泪']",5.8,9814.0
226,5033,605458,17720,16120029,216725,"['校园', '日常', '泡面']",9.1,900.0
227,2601,606501,28152,15021054,482484,"['战斗', '热血']",9.6,2479.0
228,6009,609224,56091,21287015,465938,"['奇幻', '日常', '时泪']",9.8,6635.0
229,4400,615100,21670,9146428,403147,"['推理', '校园']",9.1,2775.0
230,21971025,620288,75635,17479347,344549,"['漫画改', '奇幻', '科幻', '战斗']",9.5,15928.0
231,2676,622061,13604,6990262,155577,"['科幻', '战斗', '小说改', '架空']",9.3,1449.0
232,857,622427,17977,7995428,647864,"['少女', '校园', '治愈', '催泪', '恋爱']",9.7,1964.0
233,3071,622888,82683,20959897,1407271,"['校园', '音乐', '偶像', '社团']",9.7,4574.0
234,289,623027,19290,10461089,364513,"['奇幻', '智斗', '架空', '穿越', '冒险']",9.6,2536.0
235,9052,623258,22937,7782529,98122,"['日常', '美食', '漫画改']",9.1,3103.0
236,333,630788,29351,18779946,335498,"['奇幻', '战斗', '架空']",9.7,2385.0
237,713,540054,17411,1538448,126095,"['日常', '少女', '校园', '小说改', '治愈']",9.5,5724.0
238,3451,540449,34916,15627600,757949,['原创'],3.9,7666.0
239,5809,540470,22476,11463151,278010,"['搞笑', '漫画改']",9.0,960.0
240,79372,540902,48443,4484856,57248,"['恋爱', '科幻', '校园', '漫画改']",9.9,19647.0
241,5789,543782,28967,10562228,230414,"['游戏改', '奇幻', '战斗', '架空', '冒险']",8.0,964.0
242,12492,545081,31298,11236438,215611,"['校园', '战斗', '原创']",8.7,5414.0
243,2614,545854,14701,20018935,94464,"['萌系', '搞笑', '日常', '少女']",9.6,1472.0
244,4316402,546416,23724,7399307,94656,"['机战', '科幻', '战斗', '原创', '声控', '穿越']",8.9,8635.0
245,120732,546745,35828,6627443,339679,"['奇幻', '战斗', '魔法', '游戏改']",9.5,6120.0
246,5542,548211,18642,10010813,194775,['推理'],7.8,560.0
247,134952,555283,34541,6405960,43416,"['搞笑', '职场', '漫画改']",9.6,3430.0
248,2783,556458,21487,7083758,329072,"['搞笑', '奇幻']",9.0,2253.0
249,782,557998,16321,2726767,46942,"['萌系', '日常', '治愈', '萝莉']",9.8,4008.0
250,9152,559003,50334,7134888,271002,"['萌系', '漫画改', '少女']",9.6,4613.0
251,249,562271,19230,4240426,261618,"['萌系', '日常', '美食', '小说改', '偶像']",9.3,2990.0
252,21995182,483527,19259,9088268,67749,"['漫画改', '奇幻', '职场', '声控']",7.5,2812.0
253,113852,486000,45487,6210466,145707,"['奇幻', '战斗', '声控', '原创']",9.7,4175.0
254,6082,488111,24166,12925807,174033,"['热血', '战斗']",9.6,4352.0
255,877,493494,18457,13915991,612294,"['奇幻', '热血', '智斗', '战斗', '时泪', '架空', '冒险']",9.8,3779.0
256,6345,496861,21276,3368470,91140,"['奇幻', '神魔']",9.8,4865.0
257,899,497087,1275,320910,9961,"['奇幻', '战斗', '热血', '声控', '神魔']",9.3,1916.0
258,451,499462,5976,1054829,28337,"['萌系', '日常']",9.6,3360.0
259,24120616,501532,17784,2320080,76569,"['小说改', '奇幻', '校园', '日常', '社团']",9.7,2312.0
260,78112,506258,30534,8948193,25962,"['恋爱', '漫画改']",9.3,2752.0
261,3786,508813,20931,6200203,217385,"['奇幻', '推理', '战斗', '穿越', '冒险']",9.6,4607.0
262,77812,514718,50087,8666452,221126,"['搞笑', '日常', '漫画改']",9.7,6436.0
263,1078,522276,1550,488288,7595,"['日常', '游戏改', '恋爱']",9.3,1248.0
264,139292,528841,52496,7522193,163945,"['小说改', '校园', '社团', '运动']",9.4,6894.0
265,5556,533733,17075,12499791,55463,"['漫画改', '神魔', '泡面']",9.6,1810.0
266,1359,534000,10190,2442394,69111,"['时泪', '奇幻', '声控', '小说改', '搞笑', '热血']",9.7,4223.0
267,115632,450495,204473,2519329,41582,"['小说改', '恋爱']",9.8,21102.0
268,637,452011,26159,4711144,207831,"['萌系', '搞笑', '日常', '校园']",9.7,3116.0
269,3421,452855,38258,10788843,274723,"['萌系', '校园', '日常', '治愈']",9.4,1372.0
270,5525,452959,22857,7155597,157367,"['漫画改', '日常', '治愈']",9.5,972.0
271,28223473,3486,3392,113855,5833,"['日常', '漫画改', '搞笑']",9.8,1078.0
272,2545,454788,11915,2818870,47515,"['少女', '治愈']",9.0,622.0
273,4152,455341,15738,3713415,128937,"['治愈', '少女', '漫画改', '架空']",9.6,2772.0
274,5507,455871,37455,10359661,200036,"['搞笑', '日常', '职场', '漫画改']",9.3,1462.0
275,2708,457584,13981,5754469,495149,"['萌系', '泡面', '声控', '日常', '历史']",9.5,1220.0
276,2764,459739,14833,11778624,448340,"['热血', '校园', '战斗']",7.9,665.0
277,843,459771,25443,4521096,138193,"['奇幻', '校园', '小说改']",9.7,3444.0
278,4187,465051,4429,820483,67207,"['奇幻', '战斗']",8.6,2007.0
279,102892,465133,75313,10272328,219339,"['萌系', '音乐', '原创', '偶像', '奇幻', '战斗']",9.8,19882.0
280,1655,467213,25740,28389271,169051,"['日常', '少女', '泡面']",9.6,2590.0
281,2595,470139,22746,10890240,512439,"['奇幻', '日常', '声控', '小说改']",9.4,1128.0
282,6445,419873,74357,8744152,203180,"['日常', '励志', '漫画改']",9.8,12592.0
283,965,421834,34960,5343483,303269,"['科幻', '校园', '战斗', '热血']",8.9,1567.0
284,1505,421907,22560,15649946,659336,"['奇幻', '日常', '声控', '小说改']",9.5,1205.0
285,2687,424704,32281,1686393,43614,"['科幻', '催泪', '校园', '穿越']",9.5,3141.0
286,863,424853,7302,3170774,60401,"['奇幻', '战斗', '智斗', '原创', '穿越']",9.2,1723.0
287,77352,427241,14172,6498985,99133,"['机战', '原创', '科幻']",6.5,4694.0
288,426,429622,21176,3544947,164591,"['校园', '战斗', '奇幻']",9.4,1439.0
289,5125,430374,18154,8479302,37275,['恋爱'],9.8,2903.0
290,5506,431642,21474,7874331,382515,['魔法'],8.0,1762.0
291,868,434001,27993,9683471,446236,"['日常', '游戏改']",9.3,1437.0
292,984,438911,12370,5713328,146723,"['奇幻', '热血', '战斗', '架空', '冒险']",9.4,2270.0
293,6421,438790,25090,8939908,355542,['日常'],9.5,6653.0
294,311,440252,13620,20603432,262099,"['日常', '泡面', '治愈']",9.5,1103.0
295,120712,441154,14320,3273027,182593,"['校园', '运动']",9.6,2063.0
296,139432,443975,50193,14308125,117485,"['热血', '战斗']",8.8,5310.0
297,28222678,100115,10923,1024035,13224,"['漫画改', '热血', '恋爱', '少女', '社团', '励志', '运动']",9.8,1942.0
298,698,399142,6907,1025376,36241,"['奇幻', '魔法']",9.6,2408.0
299,5267026,404943,33829,8217539,77052,"['治愈', '神魔', '漫画改']",9.7,2825.0
300,28222742,406335,11226,4144987,67963,"['漫画改', '奇幻', '冒险', '美食']",5.1,3142.0
301,3242,408367,11983,3458647,144580,"['校园', '日常', '治愈', '励志']",9.7,1703.0
302,1564,409867,9174,4692239,112828,"['科幻', '热血', '智斗']",9.7,1993.0
303,4404,409998,9366,6306146,56168,['战斗'],9.5,1612.0
304,3297,410587,21695,6155157,83289,"['奇幻', '校园']",9.6,1231.0
305,5038,410754,23545,8038741,510170,"['乙女', '音乐', '偶像']",9.6,1297.0
306,631,411810,9763,1268043,24112,"['日常', '校园', '小说改']",9.7,2585.0
307,78612,411739,15626,9439041,60040,"['搞笑', '机战', '科幻']",9.2,2103.0
308,5802,412073,14353,6717441,124774,['推理'],7.9,1139.0
309,1293,412269,10187,1005274,23191,"['萌系', '搞笑', '日常', '治愈']",9.8,5978.0
310,5195852,412839,44724,4301471,53396,"['搞笑', '校园', '漫画改']",9.8,8824.0
311,2844,413081,41908,4214330,272737,"['日常', '奇幻', '治愈']",9.4,2504.0
312,80092,457365,12722,4889333,125224,"['萌系', '校园', '战斗', '热血', '魔法']",9.5,1597.0
313,3446,376995,10562,2977247,42112,"['奇幻', '日常', '治愈']",9.7,2005.0
314,141252,377258,24755,1949967,51551,"['热血', '奇幻', '战斗', '魔法', '漫画改', '穿越']",9.5,3020.0
315,1625,379002,14144,10618476,869778,"['运动', '热血', '声控', '社团']",9.1,909.0
316,3498,381315,24647,5749102,270472,"['萌系', '校园', '日常']",9.5,1402.0
317,5994,384494,10795,4730651,183628,"['机战', '科幻', '原创']",9.0,446.0
318,5513,384488,23699,5890307,226162,"['战斗', '魔法', '原创', '架空']",9.2,1303.0
319,735,385361,3321,1331489,59944,"['日常', '少女', '恋爱']",8.4,1030.0
320,6326,386633,18180,6849184,216929,"['奇幻', '日常', '漫画改']",9.0,1796.0
321,3116,387278,18529,13526523,99651,"['萌系', '日常']",9.2,992.0
322,3072,389101,13430,16959483,381912,"['少女', '奇幻', '架空', '冒险']",9.7,1947.0
323,193,389566,3099,528468,8553,"['奇幻', '日常', '推理']",9.1,1325.0
324,6260,390394,32818,28293047,488228,['搞笑'],9.8,3312.0
325,6435,391634,8015,5492934,76216,"['恋爱', '乙女', '游戏改', '奇幻', '架空', '冒险']",9.0,1286.0
326,3107,392565,26858,10174109,406583,"['奇幻', '少女', '架空']",9.6,1232.0
327,8292,396165,56966,3630925,131392,"['催泪', '治愈']",9.7,2877.0
328,919,358384,13471,3559529,217503,"['日常', '治愈']",8.8,979.0
329,28221546,359057,23910,2405543,69042,"['原创', '日常', '职场', '励志', '催泪', '治愈']",9.9,12594.0
330,3101,359062,31660,7981979,383452,"['奇幻', '日常', '声控']",9.4,1651.0
331,142612,359364,24844,9090652,26112,['漫画改'],9.6,2602.0
332,3054,360127,20564,9952616,261216,"['热血', '战斗', '奇幻']",9.8,4324.0
333,1073,361061,7545,3347452,130246,"['奇幻', '神魔', '冒险']",9.6,1698.0
334,5346052,361263,18184,6081466,60257,"['战斗', '原创']",8.5,1613.0
335,845,568388,20088,4939986,374811,"['日常', '治愈', '催泪', '原创', '励志']",9.6,4036.0
336,2061,362436,6382,826506,42998,"['日常', '少女']",9.7,2473.0
337,1463,362716,5234,3393407,203512,"['科幻', '热血', '架空', '穿越', '冒险']",9.6,880.0
338,3119,363326,15960,7321145,265144,['校园'],7.4,378.0
339,77972,367358,41610,6299434,204034,"['游戏改', '运动', '偶像']",9.6,5156.0
340,5796,370414,22130,6778984,256369,"['萌系', '日常', '架空']",9.7,5966.0
341,75052,371947,36865,3850421,164109,[],9.6,3241.0
342,78272,372173,9944,4510169,68913,"['恋爱', '奇幻', '漫画改']",8.2,2273.0
343,3361,335303,5790,1919624,67998,"['奇幻', '战斗']",8.4,797.0
344,122732,335455,25153,15440448,225095,"['热血', '机战', '科幻', '战斗']",9.4,1621.0
345,79332,336095,19109,4923777,113441,"['音乐', '原创', '架空']",9.4,10724.0
346,296,337815,16518,6856876,364478,"['奇幻', '日常', '治愈', '萝莉']",9.3,1332.0
347,28222624,338984,14968,2998561,54221,"['小说改', '穿越', '架空', '励志']",9.4,2572.0
348,5053,339086,5908,4093027,138845,"['奇幻', '战斗']",8.0,282.0
349,1593,341072,5961,5169684,44833,"['搞笑', '泡面']",9.3,765.0
350,1857,342524,18032,2807355,54496,"['奇幻', '战斗']",9.8,2102.0
351,5981,343095,9627,5063929,181442,"['恋爱', '音乐', '少女', '漫画改']",8.4,526.0
352,113,344466,5373,814298,17166,"['日常', '恋爱', '校园']",9.7,2358.0
353,6433,344784,28114,4791040,245321,"['音乐', '校园', '偶像', '社团', '原创']",9.3,4677.0
354,257,345826,6102,5924752,220205,"['少女', '奇幻', '恋爱']",9.2,968.0
355,323,347270,11291,8211619,325937,['日常'],9.2,1031.0
356,3466,347589,13244,8485913,172932,"['奇幻', '战斗', '声控', '漫画改', '架空', '冒险']",9.5,621.0
357,723,351551,1257,283942,4855,"['奇幻', '声控', '小说改', '神魔']",9.7,1206.0
358,893,351253,12075,2591044,70446,"['日常', '治愈']",9.8,2702.0
359,819,319297,59908,8529809,599875,"['奇幻', '战斗', '小说改', '架空', '穿越', '冒险']",9.2,1328.0
360,5021,319379,10860,4574180,156404,"['热血', '战斗', '架空', '冒险']",9.0,495.0
361,28221385,319594,14293,3689056,33288,"['漫画改', '战斗', '奇幻']",8.5,2429.0
362,6441,320074,13769,3766894,158685,"['校园', '社团', '原创', '搞笑', '日常']",8.5,2171.0
363,2910,320813,10600,2388698,179616,"['校园', '治愈', '恋爱', '游戏改']",9.3,1976.0
364,3437,321169,18180,4722341,95656,"['小说改', '恋爱', '校园']",9.7,2514.0
365,4058,321909,6942,2961085,85044,"['奇幻', '魔法', '神魔', '架空', '冒险']",9.4,1579.0
366,814,322074,3347,606566,18029,"['科幻', '催泪', '恋爱', '原创']",9.2,1117.0
367,4760998,322809,13513,5488923,52241,"['科幻', '战斗', '原创', '机战', '架空']",4.3,8036.0
368,238,323504,7236,12342210,61588,['日常'],9.5,1125.0
369,616,325842,5857,2673437,84420,"['少女', '运动', '校园', '热血', '催泪', '恋爱', '社团', '励志']",9.7,1563.0
370,102632,325903,33736,8093974,76536,"['搞笑', '日常', '励志', '职场', '漫画改']",9.6,3689.0
371,981,326487,2026,328300,9566,"['奇幻', '热血', '社团']",9.4,1559.0
372,78692,328896,14273,8709318,119528,"['小说改', '美食', '架空']",9.0,1777.0
373,2581,331180,24839,15082578,393717,"['萌系', '日常', '泡面', '声控']",9.7,1334.0
374,7752,295191,16513,1879506,39694,"['恋爱', '奇幻']",9.7,6379.0
375,528,295230,4352,2280832,80856,['奇幻'],9.7,880.0
376,6295,295611,26860,21067477,290276,['搞笑'],9.8,2448.0
377,2793,299136,12336,5146876,176973,"['奇幻', '战斗', '声控']",9.3,932.0
378,1211,299352,6154,5552910,238650,"['奇幻', '少女', '乙女', '神魔']",9.2,744.0
379,2741,301057,12381,6438968,160006,"['热血', '奇幻', '战斗', '魔法', '架空']",9.6,854.0
380,2589,301260,11584,8402248,581515,"['热血', '校园', '战斗', '少女']",9.1,710.0
381,2544,302328,5151,1825284,17334,"['科幻', '少女', '治愈', '机战']",9.1,588.0
382,3145,305095,9379,2572578,99532,['架空'],9.3,1337.0
383,5622,305104,35193,4988979,121901,[],9.7,3973.0
384,4367,305495,4393,3169705,106099,['战斗'],4.4,1999.0
385,9032,305558,11558,4490851,53453,"['日常', '美食', '漫画改']",9.2,1280.0
386,3467,305586,38915,3842906,204544,"['科幻', '穿越']",9.8,4497.0
387,28222739,305717,9120,2050512,25433,"['原创', '推理', '冒险', '声控', '智斗']",9.5,1154.0
388,78312,306305,7242,5019714,90816,"['乙女', '游戏改']",9.3,1314.0
389,1396,281428,5834,2248993,120798,"['历史', '奇幻', '治愈']",9.7,1082.0
390,752,282487,6381,1114294,44618,"['日常', '音乐', '校园', '催泪', '原创', '励志']",9.6,1784.0
391,5567,283198,7492,1973153,16306,"['少女', '日常']",9.7,1358.0
392,28222728,283600,22187,1857398,24269,"['漫画改', '恋爱']",9.9,2402.0
393,6262,283636,37257,38679788,685936,['搞笑'],9.8,3765.0
394,821,283681,49073,14130545,531064,"['奇幻', '日常', '战斗', '小说改', '架空', '穿越', '冒险']",9.4,1513.0
395,982,283722,7440,1002037,39245,"['萌系', '日常', '治愈']",9.6,1442.0
396,1509,283777,9197,5645823,205303,"['音乐', '偶像', '励志', '少女']",9.3,597.0
397,862,285485,5707,819580,24050,"['奇幻', '治愈', '声控', '冒险']",9.7,2430.0
398,207,286514,16391,10141529,383873,"['时泪', '运动', '热血']",9.8,2187.0
399,3115,286877,8949,3878268,124905,"['机战', '战斗', '科幻']",7.4,519.0
400,1603,287270,15886,4062554,368971,"['战斗', '热血', '小说改', '奇幻', '萝莉', '神魔']",9.4,1581.0
401,3979,289639,4924,11873072,9582,['日常'],9.4,468.0
402,28220984,326521,44711,4817963,228368,"['漫画改', '萌系', '音乐', '校园', '日常']",9.9,16939.0
403,408,289993,2348,3054708,9384,"['萌系', '奇幻']",9.4,206.0
404,24554900,290880,16669,4192921,43895,"['原创', '冒险']",9.5,2468.0
405,6474,263288,4006,2021329,30518,"['萌系', '奇幻', '治愈']",8.2,1010.0
406,4026,263921,28605,27364031,178013,"['小说改', '架空', '穿越', '冒险']",9.2,767.0
407,5576,264901,9330,2508846,66365,"['恋爱', '校园', '声控']",9.6,1032.0
408,2303,265046,7465,5146522,230037,"['时泪', '热血', '战斗', '历史']",9.7,999.0
409,1056,265188,2642,485972,7492,"['时泪', '奇幻', '搞笑', '科幻', '日常', '校园', '小说改', '社团']",9.6,1641.0
410,28221400,266266,3864,595778,19902,"['小说改', '奇幻', '穿越']",6.2,1743.0
411,5281,266308,17736,11527628,530141,"['校园', '运动', '奇幻']",9.7,1613.0
412,4032,267138,8782,706849,35220,"['校园', '治愈']",9.3,2496.0
413,6692,267408,20316,5207128,142437,"['音乐', '偶像', '游戏改']",9.8,3840.0
414,282,267818,12180,9497957,264398,"['萌系', '搞笑', '日常', '治愈', '职场']",9.3,857.0
415,8512,270071,11746,2970711,33029,"['奇幻', '日常', '治愈']",9.7,1563.0
416,2587,270604,23941,10903390,314754,"['搞笑', '日常', '声控', '美食', '职场']",9.7,1565.0
417,1092,274815,1006,441092,9795,"['科幻', '热血', '战斗', '架空']",8.3,579.0
418,3420,275298,49370,9831518,297699,"['奇幻', '推理']",9.7,1814.0
419,1220,255344,1709,2209857,71263,"['奇幻', '少女']",8.9,329.0
420,5832,255662,6245,9549787,141560,['泡面'],7.8,316.0
421,6448,255774,15346,3125690,64261,"['少女', '魔法', '原创', '冒险']",9.6,3135.0
422,2726,255820,7781,4759618,111856,"['科幻', '智斗', '推理']",9.2,849.0
423,4067,255952,3965,1525761,59955,"['校园', '穿越']",9.0,722.0
424,140772,256138,13843,1697038,38972,"['原创', '搞笑', '偶像']",9.8,4487.0
425,572,257372,4892,2028335,107780,"['奇幻', '战斗', '声控', '架空']",9.6,714.0
426,949,257602,10106,1963645,61743,"['萌系', '搞笑', '日常', '治愈']",9.7,2231.0
427,628,257923,8167,2343316,48068,"['萌系', '搞笑', '日常']",9.7,891.0
428,5968,257921,21621,8418394,227099,"['奇幻', '战斗', '魔法', '架空', '冒险']",7.3,3165.0
429,2923,259721,22981,1454313,42245,['治愈'],9.8,4058.0
430,5041,260026,10972,3599988,114333,"['机战', '战斗', '架空']",8.5,280.0
431,3317,260223,5499,2294067,46723,"['萌系', '恋爱', '少女', '治愈']",9.7,1127.0
432,139452,259907,19551,2304570,25417,"['萌系', '游戏改', '架空', '冒险']",9.6,1782.0
433,6438,242053,5493,955579,23880,"['恋爱', '奇幻', '魔法', '漫画改']",9.5,2993.0
434,4382,242347,368,80910,3157,[],8.7,468.0
435,1589,243214,2927,5217453,12394,"['奇幻', '战斗', '热血']",8.8,372.0
436,4070,243502,9619,1941461,52040,['治愈'],9.8,2917.0
437,6449,243650,4221,3472499,77290,"['乙女', '游戏改', '穿越']",8.2,872.0
438,26360655,243790,31008,2343072,54979,"['漫画改', '热血', '奇幻', '战斗', '架空']",9.8,11606.0
439,443,244116,3935,597263,30036,"['萌系', '日常', '治愈']",9.6,1248.0
440,2613,244233,10904,1862436,70921,"['治愈', '搞笑']",9.6,1816.0
441,334,244963,22518,11610119,312947,"['奇幻', '战斗']",9.7,1016.0
442,139392,245287,24145,2382500,49381,"['萌系', '校园', '社团', '运动', '日常']",9.5,2448.0
443,2720,246947,8096,6561870,239673,"['奇幻', '智斗', '职场']",8.8,317.0
444,442,247195,3329,547469,11961,"['奇幻', '日常']",9.4,956.0
445,28222672,247856,3990,1844963,18409,"['游戏改', '战斗', '科幻', '萌系', '声控']",5.7,562.0
446,1379,248977,7322,3502102,83340,"['科幻', '战斗', '热血', '智斗', '漫画改']",9.6,1122.0
447,27127860,230064,18904,4150794,91429,"['小说改', '热血', '战斗', '科幻', '架空', '穿越', '冒险']",9.4,1605.0
448,5769,230319,5449,1756831,65842,"['奇幻', '战斗', '游戏改', '架空']",7.7,114.0
449,139372,230669,8379,3119914,22421,"['科幻', '原创', '穿越', '冒险']",7.5,1532.0
450,497,231340,14500,6996932,272546,"['科幻', '机战']",9.5,2295.0
451,28222738,232084,14719,2112787,33076,"['原创', '运动', '校园']",9.7,3309.0
452,5784,232093,5237,3972180,56674,"['游戏改', '架空']",7.2,210.0
453,10464925,232405,10174,2390502,78129,"['奇幻', '战斗', '魔法', '漫画改', '穿越']",9.6,1624.0
454,1192,232600,8488,4531142,99119,"['科幻', '热血', '机战']",9.6,1921.0
455,900,232834,931,275694,7425,"['奇幻', '战斗', '热血', '声控', '神魔']",9.5,1515.0
456,2746,232932,3676,5004369,349396,"['校园', '乙女']",8.1,201.0
457,139332,232586,23270,5267960,79753,"['推理', '游戏改']",9.4,1965.0
458,28222083,235783,27333,2512656,199918,"['漫画改', '热血', '穿越', '奇幻', '战斗', '冒险', '神魔', '恋爱']",9.9,8769.0
459,5562,235568,8267,3222724,75843,"['战斗', '机战', '原创']",8.4,247.0
460,2677,239042,7119,3126536,76751,"['战斗', '小说改', '热血', '奇幻', '架空']",9.6,1100.0
461,1065,239473,10379,2193176,91238,"['奇幻', '科幻', '战斗', '热血', '催泪']",9.6,2627.0
462,170,219455,3242,4856911,326607,"['乙女', '奇幻']",9.0,364.0
463,2682,219876,6453,2072948,159472,"['校园', '萌系', '运动', '小说改', '萝莉']",9.1,553.0
464,2588,220447,13287,6954351,432432,"['萌系', '搞笑', '治愈']",9.1,668.0
465,3258,221393,8080,1414259,28094,"['日常', '治愈']",9.8,3449.0
466,5951,221839,8571,4236407,148113,['漫画改'],8.5,618.0
467,3589,222270,17385,2408372,43010,"['治愈', '架空']",9.0,655.0
468,3100,222959,15653,6475565,202540,['搞笑'],8.7,356.0
469,187,223311,2536,4923125,182268,"['奇幻', '神魔', '架空', '冒险']",9.1,251.0
470,1576,223989,6172,4597346,88904,"['热血', '科幻', '机战', '冒险']",9.6,1312.0
471,10332,224046,12422,3012084,49076,"['科幻', '机战', '战斗']",9.7,1383.0
472,2602,224344,6489,10432694,53599,"['日常', '泡面', '治愈', '美食']",9.6,956.0
473,4310042,224780,11271,3979942,63581,"['热血', '机战', '科幻', '战斗']",9.2,2109.0
474,1527,225390,3074,1479532,69055,"['热血', '奇幻', '校园', '战斗']",6.4,607.0
475,3456,225739,12812,6392990,160652,"['热血', '奇幻', '战斗']",9.7,2034.0
476,5762,207778,13006,9443880,381470,"['热血', '战斗', '励志']",9.0,934.0
477,703,207949,3261,815518,16948,"['科幻', '日常', '小说改']",9.7,1651.0
478,1201,207983,1432,259804,5783,['战斗'],9.4,1334.0
479,77532,208319,2638,2539718,27328,"['奇幻', '校园', '少女', '战斗', '架空', '穿越']",7.0,570.0
480,6346,208494,5912,7482783,99999,['泡面'],8.5,737.0
481,3459,209397,11961,5101183,97119,"['奇幻', '泡面']",9.6,1297.0
482,3429,210373,22867,6353090,112125,"['奇幻', '校园']",9.7,1863.0
483,3551,211046,12349,7838026,179709,"['机战', '科幻', '战斗']",8.6,410.0
484,1792,211812,3997,1783179,53519,"['搞笑', '日常']",9.7,906.0
485,996,211897,1290,243713,7226,"['奇幻', '日常', '游戏改']",9.2,641.0
486,3097,212941,8292,5601551,131140,"['科幻', '奇幻']",8.3,211.0
487,3151,214503,12118,1308802,25386,"['热血', '战斗', '历史']",9.7,2085.0
488,2717,215588,5055,2845236,83930,"['热血', '奇幻', '校园', '战斗', '声控', '神魔']",9.6,919.0
489,119312,216048,24719,1404450,33969,"['萌系', '日常', '治愈', '游戏改']",9.7,2474.0
490,3436,216710,9616,4748770,47024,"['小说改', '战斗', '治愈', '架空']",9.4,1117.0
491,2876,217271,3851,2322936,77676,"['热血', '少女', '时泪']",9.8,1218.0
492,864,198408,6109,4134006,164303,"['热血', '战斗', '校园', '小说改']",9.4,1141.0
493,78792,198444,15237,4412384,21988,"['日常', '泡面']",9.7,2866.0
494,3452,199130,11878,3354407,141528,"['萌系', '校园', '日常', '治愈']",9.4,611.0
495,2598,199720,7437,6520615,314646,"['运动', '热血', '社团']",9.4,632.0
496,5621,199775,12207,2133753,23757,"['小说改', '推理']",9.4,1870.0
497,3851,199801,2099,2335883,21202,['少女'],9.5,283.0
498,239,199865,6829,5046977,145840,"['日常', '校园', '热血', '美食', '社团']",9.8,2040.0
499,5076,199992,10612,3137059,127471,"['小说改', '恋爱', '战斗', '励志']",8.9,524.0
500,1388,200084,4534,1139509,42195,"['奇幻', '热血', '战斗', '架空']",9.7,1201.0
501,5516,200117,14894,2172758,41042,"['励志', '职场', '小说改']",9.7,1293.0
502,580,200777,5955,5427556,176063,"['日常', '声控', '游戏改']",9.0,514.0
503,2745,202908,4290,4879662,231270,"['奇幻', '架空', '冒险']",6.9,182.0
504,1000,203079,7192,5985495,224246,"['少女', '美食', '奇幻', '日常']",9.7,1059.0
505,2586,785669,69526,47902165,2973994,"['日常', '校园']",9.1,875.0
506,2744,204331,4321,6322361,56499,"['校园', '日常', '萌系']",8.9,336.0
507,5482,188153,3864,1976644,21334,"['热血', '科幻', '奇幻', '校园']",9.6,1224.0
508,5268038,188831,9570,3046259,26782,"['社团', '战斗', '游戏改']",7.1,1072.0
509,6302,189476,2117,663095,29247,"['战斗', '神魔', '游戏改']",8.9,496.0
510,6320,189557,8115,3657341,65309,"['战斗', '漫画改', '架空']",9.1,1179.0
511,3433,190555,3178,991867,48570,"['萌系', '日常', '治愈']",9.6,647.0
512,2571,190717,2787,5126975,229178,"['奇幻', '热血', '战斗', '架空']",4.3,799.0
513,3419,190857,21593,6983683,203339,"['奇幻', '日常']",9.7,1122.0
514,2864,191212,1051,4029979,10825,"['校园', '搞笑', '战斗', '日常', '声控']",4.7,817.0
515,119152,191772,24693,1186202,55021,"['热血', '治愈']",9.6,3994.0
516,5543,192101,8231,4806017,83446,"['搞笑', '校园', '游戏改', '泡面']",9.3,1541.0
517,2894,192195,21070,8067057,158633,"['热血', '奇幻', '战斗']",9.4,781.0
518,2582,192842,7361,4892476,124947,"['萌系', '奇幻', '科幻', '日常', '校园']",9.3,736.0
519,5063,193052,12433,7186698,224333,"['热血', '校园', '运动']",8.3,326.0
520,4351,193788,5422,3099549,34832,"['恋爱', '奇幻', '战斗']",9.5,632.0
521,3486,173289,11479,3662199,76701,"['搞笑', '校园', '社团', '日常']",9.7,1035.0
522,46932,173430,17681,20671117,19050,"['职场', '架空']",9.6,3237.0
523,5636,173632,23290,6218270,121714,"['奇幻', '战斗']",9.3,785.0
524,6008,175352,2407,1944448,59562,"['声控', '泡面']",8.7,309.0
525,5522,176313,5537,3844243,101153,"['乙女', '音乐']",9.0,213.0
526,2719,177425,3627,3322192,163318,"['奇幻', '战斗']",7.0,182.0
527,139672,179810,23118,6504058,42297,"['热血', '漫画改', '运动']",9.2,2411.0
528,1375,181148,4606,557705,35134,"['少女', '治愈', '催泪']",9.7,1507.0
529,867,181701,5622,1294657,41165,"['搞笑', '日常', '声控', '美食', '漫画改', '职场']",9.6,981.0
530,78372,182347,9213,3098442,27307,"['音乐', '治愈', '励志', '漫画改']",9.5,1252.0
531,6414,183666,3856,2690161,20281,"['热血', '战斗', '漫画改']",9.1,441.0
532,3307,184335,5933,3338591,145480,"['机战', '科幻', '战斗', '原创', '架空']",8.4,1235.0
533,1062,184627,1567,360629,12359,"['日常', '恋爱']",9.2,372.0
534,9132,166816,3139,1962139,62976,['原创'],8.7,695.0
535,3448,166999,4179,2276512,19670,['科幻'],9.7,955.0
536,5549,167042,12006,7023505,25275,"['漫画改', '搞笑', '泡面']",9.3,322.0
537,5039,167285,2402,2798403,29393,"['萌系', '日常', '泡面']",8.9,148.0
538,3481,167478,2011,2674635,33867,"['小说改', '社团', '少女', '日常']",9.0,300.0
539,6042,168061,15977,3052044,66380,"['校园', '日常', '漫画改']",9.7,1555.0
540,157,168614,3302,10171209,262868,"['热血', '奇幻', '校园', '战斗']",9.5,1347.0
541,5873044,168656,6241,2869744,5733,"['日常', '泡面', '漫画改', '萌系']",8.3,496.0
542,499,168797,8880,6132548,294483,"['科幻', '机战']",9.1,1924.0
543,102152,169016,15996,1996204,28099,"['萌系', '社团', '日常', '漫画改']",9.7,1704.0
544,10372,169367,8844,2577071,53708,"['机战', '科幻', '战斗']",9.2,1827.0
545,98632,169710,10102,1519478,35607,"['魔法', '日常', '治愈']",9.8,3529.0
546,1420,170201,1650,894453,24299,"['萌系', '日常', '魔法']",9.0,336.0
547,2270,170416,2405,789063,25088,"['时泪', '萌系', '奇幻', '少女', '少儿', '战斗', '魔法']",9.5,728.0
548,102852,170424,2770,2045387,18246,"['战斗', '游戏改']",4.6,1832.0
549,1066,160553,6395,1031165,29567,"['奇幻', '科幻', '战斗', '热血', '催泪']",9.7,1058.0
550,5991,160842,2774,1576006,37834,"['校园', '社团', '励志']",8.9,173.0
551,3781,160847,3509,2920629,42892,"['战斗', '热血', '奇幻']",8.9,454.0
552,516,161158,3950,1505549,194657,"['萌系', '搞笑', '日常', '声控', '职场']",9.6,886.0
553,28222732,161651,2474,1524785,4067,"['漫画改', '热血', '战斗']",8.7,314.0
554,28222671,162420,6240,1130069,4824,"['漫画改', '搞笑']",9.7,639.0
555,1090,163271,10168,1556288,27791,"['时泪', '奇幻', '战斗', '热血', '架空', '冒险']",8.8,728.0
556,28221614,163394,15147,1620362,64159,"['漫画改', '热血', '校园', '运动', '励志', '社团']",9.9,8290.0
557,6349,163582,4549,3027769,9565,['游戏改'],8.9,656.0
558,445,164201,3489,1972897,46575,"['奇幻', '科幻', '机战', '原创']",9.3,707.0
559,5914,164622,5087,4942241,6907,"['泡面', '架空']",9.5,650.0
560,28222724,126189,9066,1626553,19173,"['小说改', '科幻', '架空', '声控', '智斗']",9.8,1872.0
561,2338,164719,5054,4987416,143645,"['时泪', '战斗', '热血', '神魔']",9.8,943.0
562,5239,165043,15543,1858192,158188,"['校园', '运动']",9.7,898.0
563,6036,165648,3360,2505442,10955,"['搞笑', '治愈']",9.7,456.0
564,10352,153670,9291,2613729,67538,"['原创', '科幻', '机战', '战斗']",9.7,1571.0
565,4990,154200,2307,2252622,21257,['恋爱'],9.7,431.0
566,1563,154458,3904,5418522,286590,"['音乐', '声控', '乙女', '偶像']",9.4,287.0
567,21989385,155096,27139,5107301,38072,"['漫画改', '运动', '社团', '恋爱', '校园']",9.8,3702.0
568,2590,155646,6279,3609397,83054,"['萌系', '日常', '校园', '治愈', '萝莉']",9.5,428.0
569,2941,155849,4383,2404727,33511,['少女'],9.7,424.0
570,952544,156225,16003,639504,20400,"['校园', '日常', '漫画改']",9.8,3407.0
571,3465,157301,10112,2635880,67822,"['热血', '奇幻', '战斗']",9.5,817.0
572,3248,157407,3547,859205,38363,"['日常', '历史']",9.7,744.0
573,1406,157458,2748,1380383,55434,"['奇幻', '推理']",9.4,929.0
574,5906,158051,3506,1334549,30484,['推理'],9.5,700.0
575,16899731,158128,29325,872044,35235,"['漫画改', '萌系', '治愈', '日常']",9.8,6962.0
576,2684,158563,5959,1909737,263604,"['校园', '音乐', '催泪', '偶像']",9.8,1379.0
577,3477,158605,3575,1861288,32873,"['少女', '战斗', '奇幻']",9.1,625.0
578,2681,147443,6290,6213851,30390,"['搞笑', '校园', '日常']",9.7,1381.0
579,28222752,147628,2475,1007425,5426,"['游戏改', '战斗', '声控', '科幻']",9.0,272.0
580,1983,147925,2138,450461,12656,"['奇幻', '校园', '战斗']",7.7,798.0
581,3499,148188,7615,4567423,83507,['奇幻'],9.4,319.0
582,28221421,148529,7642,682202,33151,"['漫画改', '日常', '校园', '恋爱', '声控']",9.5,2340.0
583,2845,148570,3110,1199478,28791,"['科幻', '奇幻', '战斗', '校园']",9.4,306.0
584,5512,148665,2802,3185571,89475,"['偶像', '原创']",9.2,100.0
585,4300,149079,6703,2756402,50375,"['萌系', '搞笑', '校园']",9.3,472.0
586,124972,149780,7450,1500644,123009,"['校园', '运动']",9.7,1051.0
587,95992,149799,5383,912005,33066,"['战斗', '魔法', '冒险']",9.7,2375.0
588,3220,150141,1033,229448,7144,"['催泪', '奇幻']",9.2,399.0
589,103092,150893,6153,3385821,21830,['原创'],8.5,597.0
590,1189,151040,2866,2414684,86508,"['科幻', '热血', '机战', '偶像']",9.5,947.0
591,1535,151323,376,117869,3312,"['热血', '魔法']",9.7,778.0
592,28221392,151594,14125,2581711,84295,"['游戏改', '音乐', '偶像', '声控']",8.8,1485.0
593,3553,141364,4326,2622126,50552,"['奇幻', '日常']",9.5,776.0
594,5540,141744,11882,1921498,67349,"['萌系', '校园', '社团']",9.2,511.0
595,28221545,187601,9727,1659110,21084,"['漫画改', '校园', '运动', '热血']",9.8,4841.0
596,1609,141945,1743,681085,14669,"['校园', '战斗', '热血', '小说改', '奇幻']",9.2,190.0
597,1299,142202,3145,1520724,59201,"['奇幻', '少女', '声控', '小说改', '乙女', '架空']",9.5,493.0
598,1262,142222,2862,890303,24695,"['奇幻', '治愈', '少女']",9.5,909.0
599,869,142869,2816,1537415,43767,"['奇幻', '智斗', '推理']",9.5,506.0
600,623,159465,8397,2760076,109112,"['萌系', '搞笑', '日常', '漫画改']",9.8,1275.0
601,3668,143192,7914,1240107,41287,"['科幻', '冒险']",9.7,1403.0
602,253,143437,2834,3489126,110750,"['萌系', '科幻']",9.1,644.0
603,1855,143442,2032,2589227,48031,"['历史', '热血']",9.6,1126.0
604,1274,144880,6533,2486329,74718,"['科幻', '热血', '机战', '战斗']",9.7,1558.0
605,27342606,145197,7666,875197,31390,"['小说改', '科幻']",9.6,2247.0
606,3784,145232,7788,2292723,39298,"['萌系', '搞笑']",9.0,515.0
607,2610,145629,3251,6803434,280313,"['日常', '乙女']",9.0,193.0
608,5118,139135,6154,5552964,238650,"['恋爱', '乙女', '少女']",9.1,467.0
609,28220983,139042,5613,1419747,53934,['原创'],9.8,993.0
610,3540,139198,21738,1704582,33218,[],9.0,613.0
611,5066,139236,4795,5826419,93097,"['日常', '泡面']",8.7,327.0
612,3346,139286,301,58987,1304,"['奇幻', '战斗']",9.2,277.0
613,1097,139465,2330,1046991,52155,['日常'],9.0,383.0
614,3135,139503,5513,1402759,57993,['校园'],9.7,902.0
615,3374,139674,4770,963704,28982,['智斗'],9.5,370.0
616,1164,173686,2846,676238,29784,"['萌系', '日常', '少女', '治愈', '催泪']",9.7,676.0
617,102812,139708,4279,2109876,41284,"['乙女', '游戏改']",8.4,693.0
618,6007,139871,3747,2671693,37174,['机战'],9.3,522.0
619,1080,139882,2932,931901,66702,"['日常', '催泪', '原创']",9.6,997.0
620,5859,140006,5578,2000203,56237,['恋爱'],9.7,756.0
621,2804,140951,3475,787267,27832,"['催泪', '奇幻', '校园', '日常', '穿越']",8.6,570.0
622,2668,141017,5708,3174365,171785,['萌系'],9.8,1168.0
623,1193,132117,7322,4502965,140912,"['科幻', '热血', '机战']",9.7,1977.0
624,3275,132353,2793,1644174,64430,"['恋爱', '少女', '日常']",9.5,390.0
625,5794,132370,9041,4393614,63544,"['热血', '运动', '漫画改']",9.1,235.0
626,91972,132326,17575,7958749,77132,"['奇幻', '战斗', '魔法']",9.4,1147.0
627,5584,132734,10742,8260010,22683,"['热血', '奇幻', '魔法', '架空', '穿越', '冒险']",9.4,1448.0
628,1446,133054,3668,1137769,40215,"['搞笑', '日常']",9.8,1190.0
629,5787,133535,3069,2292773,48054,"['偶像', '音乐', '日常']",7.9,117.0
630,2321,133937,3582,1801175,111417,"['萌系', '少女', '魔法']",9.8,849.0
631,6430,134063,666,306659,4022,"['恋爱', '游戏改']",7.2,352.0
632,741,135101,957,362452,7359,['热血'],9.4,305.0
633,526,135469,2173,745651,20250,"['科幻', '音乐', '热血', '原创']",9.6,671.0
634,22940468,135905,28643,7185609,55700,"['漫画改', '校园', '运动', '社团']",9.7,2815.0
635,5520,136661,5361,2764604,41802,"['游戏改', '搞笑', '音乐', '穿越']",9.0,199.0
636,28222691,137067,5277,2596129,30824,"['原创', '热血', '科幻', '机战']",8.4,1207.0
637,1548,137364,3720,4616039,189631,"['热血', '校园', '社团', '战斗']",8.8,340.0
638,5537,127027,3734,1793844,7812,"['漫画改', '日常', '泡面']",9.1,253.0
639,2712,127047,5139,1964111,175085,"['萌系', '日常', '声控', '泡面', '历史']",9.6,586.0
640,1605,127099,2965,938833,50159,"['校园', '战斗', '热血', '小说改', '奇幻', '萝莉']",9.5,241.0
641,1106,127129,3082,3822019,24901,"['搞笑', '日常']",9.6,531.0
642,2597,127302,5981,750279,19309,"['日常', '治愈']",9.8,1138.0
643,5052,127455,709,391427,10015,"['奇幻', '战斗']",8.4,234.0
644,2721,127476,4368,3078199,76357,"['萌系', '战斗']",9.4,422.0
645,102172,127563,19347,961271,32634,['治愈'],9.7,2456.0
646,4341,128354,2488,1004450,24905,['少女'],9.3,331.0
647,118812,128441,17068,14893545,11248,"['小说改', '架空', '穿越']",9.4,1041.0
648,1633,128606,4392,5310945,144960,"['少女', '战斗', '热血', '声控', '奇幻', '日常', '架空', '穿越']",9.3,427.0
649,1520,128766,711,467121,31357,"['搞笑', '奇幻', '战斗', '校园']",9.1,310.0
650,24105504,128890,7737,2461415,11257,"['奇幻', '战斗', '游戏改']",9.5,1064.0
651,102032,128932,5847,2219659,28369,"['搞笑', '音乐', '偶像', '日常', '原创']",7.8,634.0
652,2655,129954,8111,673289,11006,"['校园', '治愈', '时泪', '催泪']",9.7,1486.0
653,1565,122697,3992,1797699,27213,"['科幻', '热血', '智斗']",9.8,1122.0
654,4446,122928,1955,678059,8735,[],9.6,1029.0
655,28222731,123035,3378,697577,12733,"['漫画改', '萌系', '运动', '社团', '校园']",8.9,411.0
656,3444,123164,1981,405201,4910,"['热血', '校园', '社团', '运动']",9.7,538.0
657,3474,123395,13981,5754536,495149,"['萌系', '日常', '声控', '泡面', '历史']",9.6,525.0
658,3790,123453,1111,1294538,8146,"['奇幻', '战斗', '日常', '架空', '穿越']",9.5,258.0
659,1666,123463,3806,1059161,67003,"['热血', '战斗', '奇幻']",9.5,425.0
660,3552,124020,3280,2466479,34008,"['奇幻', '日常']",9.3,473.0
661,3543,125157,3284,908414,21643,"['热血', '奇幻', '战斗']",9.2,434.0
662,5051,125711,18650,979813,61207,['催泪'],9.7,1879.0
663,767,125713,620,542264,7643,"['奇幻', '乙女', '游戏改']",8.5,227.0
664,3213,126122,7189,5099905,47520,"['日常', '泡面', '萌系']",8.9,235.0
665,1383,126141,705,267497,8592,"['日常', '少女', '治愈', '恋爱']",9.5,308.0
666,2820,126181,2376,536571,10468,"['治愈', '恋爱', '校园']",9.7,371.0
667,5999,119068,5993,1725336,26095,"['科幻', '原创']",9.0,341.0
668,4544,119088,4641,699345,17489,['治愈'],9.4,395.0
669,1448,119280,3100,771825,19461,"['时泪', '治愈', '奇幻']",9.7,787.0
670,1118,119639,1388,1123872,39603,"['历史', '少女', '恋爱']",9.2,201.0
671,5521,119839,5404,2052127,65287,"['搞笑', '原创', '音乐', '机战']",9.5,371.0
672,2729,119903,2412,3320390,33289,"['萌系', '日常', '奇幻']",8.4,117.0
673,6468,119904,7807,3326188,46118,"['科幻', '原创']",9.7,2090.0
674,5297,119924,3376,774695,23204,[],9.8,1279.0
675,102832,120178,2749,2365501,22928,"['乙女', '游戏改']",5.7,1397.0
676,1389,120903,3042,834010,84362,[],9.3,656.0
677,1836,120974,1270,286935,5312,"['奇幻', '热血', '架空', '冒险']",9.6,479.0
678,6268,121311,15201,10856058,165894,['搞笑'],9.7,902.0
679,4098,121475,7174,1228458,39883,['战斗'],8.8,623.0
680,131112,121541,3845,1356639,57622,"['小说改', '乙女']",9.5,669.0
681,2980,122302,1102,260972,572,"['热血', '奇幻', '战斗']",9.5,474.0
682,1921,112138,2366,1597180,69261,"['奇幻', '日常', '少女']",9.8,584.0
683,5792,112140,6423,1989016,17016,"['推理', '历史']",9.5,378.0
684,5692,112122,6847,5492906,180585,"['热血', '奇幻', '架空', '冒险']",8.3,774.0
685,3377,112249,4479,2552634,30318,"['萌系', '乙女', '泡面']",9.5,166.0
686,113132,120448,3205,476267,10080,"['奇幻', '日常', '治愈']",9.7,1202.0
687,5973,112894,6076,2684205,92625,"['音乐', '校园', '原创', '偶像', '声控']",9.4,531.0
688,10432,113359,3031,1318602,16303,['奇幻'],9.6,607.0
689,1607,113642,1386,602667,30374,"['校园', '热血', '小说改', '奇幻', '日常']",9.3,148.0
690,3476,113874,3012,1725161,24839,"['萌系', '校园', '少女', '魔法']",9.1,409.0
691,1722,115549,2632,1928026,86495,"['科幻', '热血', '机战', '战斗', '架空', '穿越']",9.4,662.0
692,3764,115951,3296,3294576,241691,"['奇幻', '神魔', '架空', '穿越']",9.5,259.0
693,3294,116054,128,64524,314,"['萌系', '日常']",9.1,148.0
694,5551,116077,4544,579395,24257,"['音乐', '校园', '恋爱', '社团']",9.6,1181.0
695,1519,116276,1103,7036585,115768,['泡面'],9.4,198.0
696,5269634,116852,3321,1985688,8962,"['音乐', '偶像', '原创']",8.2,295.0
697,1128,106587,547,201989,2102,"['奇幻', '架空']",8.9,142.0
698,1491,106722,4284,5716350,165633,"['历史', '奇幻', '少女']",8.9,450.0
699,22020937,107419,1389,739399,5911,"['漫画改', '搞笑', '冒险', '科幻']",7.4,790.0
700,4735,107709,1486,294409,2466,"['萌系', '漫画改']",9.7,586.0
701,1182,108095,4864,922312,45478,"['少女', '催泪', '校园', '恋爱']",9.7,1299.0
702,904,108335,1266,257274,4396,"['萌系', '奇幻', '日常', '治愈']",9.5,323.0
703,1811,108561,2780,1328086,44404,"['恋爱', '奇幻', '校园', '战斗']",8.7,290.0
704,5560,108627,5692,1951877,13973,"['萌系', '魔法', '日常', '泡面', '漫画改']",8.8,203.0
705,28220469,108910,2930,938564,34934,"['原创', '奇幻', '神魔']",9.7,681.0
706,4720,109024,2508,305995,4512,"['科幻', '战斗', '架空']",9.7,782.0
707,3502,109279,1276,1002400,50542,"['校园', '魔法']",9.5,218.0
708,1596,109460,1927,1876932,11494,"['搞笑', '泡面']",9.4,336.0
709,780,109525,1606,472787,18366,"['音乐', '治愈', '励志', '校园', '恋爱']",9.6,669.0
710,10212,110285,8283,3578179,26610,"['小说改', '恋爱', '校园']",9.5,467.0
711,3439,102401,36654,13883704,759305,"['萌系', '奇幻', '少女', '战斗']",9.2,283.0
712,2990,102457,4914,6215239,40231,"['萌系', '日常', '治愈']",9.4,155.0
713,5947,102503,4176,796123,13302,['少女'],9.1,732.0
714,109,102691,3706,2772183,90623,"['科幻', '热血']",9.6,490.0
715,6006,103032,2520,2306383,17909,['机战'],9.6,608.0
716,3475,103469,7885,3050554,440134,"['萌系', '日常', '声控', '泡面', '历史']",9.6,479.0
717,621,103507,5308,2523317,105722,"['萌系', '搞笑', '日常']",8.9,712.0
718,2771,103636,8634,4583396,108690,['日常'],9.7,240.0
719,2988,103707,3706,633203,9310,"['日常', '治愈', '搞笑']",9.7,1280.0
720,1410,103758,3165,1456592,59454,"['萌系', '日常', '治愈']",9.5,359.0
721,485,103812,1556,2650955,105926,"['科幻', '冒险']",8.3,300.0
722,4114,104229,11504,2066260,109413,['少女'],9.8,2930.0
723,2594,104773,5708,2296594,95116,"['音乐', '励志', '偶像', '少女']",9.3,434.0
724,130132,104791,9412,1676264,32425,['搞笑'],9.8,848.0
725,4375,99215,7500,3659642,118446,['运动'],9.6,1409.0
726,12472,99279,3365,1495616,8487,['原创'],9.5,836.0
727,523,99679,1732,534082,15934,"['萌系', '奇幻']",9.5,501.0
728,947,99815,2425,1276170,31902,"['奇幻', '科幻']",9.7,720.0
729,1964,100269,873,678455,13016,['奇幻'],9.2,187.0
730,1856,100618,2634,1072189,46422,"['萌系', '日常', '治愈']",9.6,627.0
731,110,100667,4511,2719175,27509,"['日常', '泡面', '治愈']",9.5,497.0
732,617,100970,3415,1362954,51670,"['少女', '运动', '校园', '热血', '催泪', '社团', '励志']",9.7,942.0
733,1196,101345,1203,715023,24717,"['奇幻', '热血']",9.3,232.0
734,4319,101349,2508,2809532,16787,"['萌系', '奇幻', '日常']",9.0,391.0
735,2091,101490,3034,1740376,76069,['搞笑'],9.5,587.0
736,6442,101616,2628,756798,8227,"['音乐', '偶像', '社团', '原创']",8.0,369.0
737,1910,101643,1956,447252,18051,['漫画改'],9.8,662.0
738,10192,101635,8192,1818530,35121,"['小说改', '恋爱', '校园']",9.5,633.0
739,760,96058,1870,1064598,59252,"['奇幻', '少女']",9.4,413.0
740,1594,96264,2317,2315521,16243,"['搞笑', '泡面']",9.3,291.0
741,3129,96330,1003,763260,15216,['奇幻'],8.6,149.0
742,4472,96473,1291,711713,12311,['战斗'],8.7,230.0
743,1653,96574,1533,700963,27294,"['热血', '冒险']",8.9,285.0
744,6161,97099,5266,3303802,186636,"['热血', '战斗', '励志', '架空', '冒险']",9.6,573.0
745,2034,97291,3803,9244356,14060,"['萌系', '搞笑', '泡面']",9.6,458.0
746,695,97488,733,908172,17309,"['科幻', '热血', '机战', '架空']",8.9,113.0
747,24662313,98190,3772,521637,4000,"['奇幻', '魔法']",9.0,642.0
748,865,98267,510,155218,2562,['奇幻'],7.8,274.0
749,2648,98325,8239,1038208,20932,"['奇幻', '治愈']",9.7,556.0
750,10292,98398,2578,949469,27329,"['少女', '战斗', '热血', '声控', '奇幻', '日常', '架空', '穿越']",9.4,312.0
751,3414,98720,508,179096,6629,"['奇幻', '架空', '冒险']",9.2,232.0
752,3858,98799,2648,1382774,21890,"['少女', '魔法']",9.6,587.0
753,1557,91024,395,2140717,23264,"['泡面', '推理', '神魔']",8.4,121.0
754,98612,91627,3180,726313,18598,"['日常', '治愈']",6.8,1586.0
755,13092,91695,5484,1455565,23883,['热血'],8.7,727.0
756,3224,92135,686,251693,5252,"['奇幻', '战斗', '架空', '冒险']",8.1,178.0
757,4374,92202,4233,3339167,77997,['机战'],9.6,950.0
758,4310082,92429,7425,2809388,74996,['机战'],4.7,6537.0
759,5351,92947,2843,904438,11664,['奇幻'],9.8,730.0
760,1476,92954,1786,1513633,96588,"['奇幻', '少女', '魔法']",9.4,275.0
761,3782,93001,3392,2345744,53627,"['恋爱', '校园']",9.5,383.0
762,4769,93419,1406,559047,18403,['治愈'],9.2,274.0
763,2238,93504,5874,2965443,130624,"['时泪', '搞笑', '日常', '热血', '校园', '励志']",9.8,1281.0
764,2277,93635,2729,1086813,86906,"['奇幻', '校园', '少女', '战斗']",9.7,882.0
765,2459,97348,3434,2354895,80369,"['科幻', '热血']",9.7,877.0
766,1422,94204,1124,205555,2245,"['日常', '治愈']",9.7,404.0
767,240,94330,5431,3774123,83693,"['日常', '热血', '校园', '美食', '社团']",9.8,1641.0
768,81232,86318,3539,783751,7365,"['热血', '校园', '社团', '运动']",9.7,844.0
769,28221611,86439,1084,123192,5188,"['小说改', '穿越', '奇幻', '搞笑', '冒险', '架空', '神魔']",9.7,967.0
770,5383,86472,19547,4675982,109914,"['热血', '战斗']",9.7,426.0
771,5454,86749,2026,1694051,15360,"['奇幻', '游戏改', '架空', '冒险']",9.6,322.0
772,1717,86810,8087,7984896,342957,"['热血', '奇幻', '战斗']",9.7,861.0
773,1568,86851,2063,2005862,21844,"['科幻', '热血', '智斗']",8.7,159.0
774,2683,87176,4185,1169252,98253,"['萌系', '校园', '运动', '小说改']",9.3,395.0
775,1204,87608,424,80157,2526,"['少女', '治愈']",9.4,401.0
776,1255,87861,684,317700,9431,['奇幻'],9.2,183.0
777,111,88164,657,2761698,115735,['奇幻'],8.0,188.0
778,1123,88882,3965,1732279,103694,"['奇幻', '热血', '架空', '冒险']",9.7,1045.0
779,78472,88875,19682,3629575,29619,"['搞笑', '时泪', '漫画改']",9.8,1307.0
780,514,89361,1360,431321,22702,"['日常', '治愈', '社团']",9.7,320.0
781,5456,89457,9266,1286862,34462,"['催泪', '治愈']",9.5,531.0
782,6243,89633,678,345269,18,"['小说改', '热血', '战斗']",6.7,520.0
783,3523,89991,4390,1936697,27542,"['奇幻', '少女', '架空']",9.8,533.0
784,594,84141,1234,670001,8602,['奇幻'],8.9,291.0
785,1405,84328,1680,555431,12379,"['奇幻', '热血']",9.7,658.0
786,2794,84387,7598,2940976,107887,"['萌系', '泡面', '日常']",9.5,200.0
787,78672,84433,7887,1196745,32259,[],9.0,1080.0
788,1538,84465,6613,4075929,116923,"['萌系', '少儿', '热血', '魔法']",8.8,252.0
789,81292,84788,5660,760618,20035,"['校园', '励志', '游戏改']",9.8,2232.0
790,1996,84814,2213,801151,37857,"['科幻', '催泪', '漫画改']",9.6,748.0
791,1233,84889,635,392130,8072,"['奇幻', '热血', '架空', '冒险']",8.6,179.0
792,4303,85084,2737,334902,347,[],9.5,420.0
793,2888,85109,834,727073,17897,['日常'],9.5,119.0
794,1155,85126,792,876499,11446,"['奇幻', '科幻', '热血', '声控', '战斗']",9.1,173.0
795,1925,85204,1280,275546,7968,"['日常', '少女']",9.0,291.0
796,1875,85226,1053,1336171,37444,"['萌系', '奇幻']",9.7,187.0
797,2907,80617,1045,350171,2965,"['奇幻', '少女']",9.4,260.0
798,28222659,80715,1730,551724,4190,"['原创', '校园', '音乐', '偶像']",8.5,166.0
799,1994,81107,1423,758275,20634,"['奇幻', '热血', '战斗']",9.5,311.0
800,6158,81157,4495,806250,30988,['职场'],9.5,596.0
801,233,81331,864,1671404,58151,"['科幻', '少女', '小说改', '架空']",8.7,281.0
802,78812,81457,2654,513196,13148,['科幻'],9.3,734.0
803,2098,81474,1102,496955,19260,"['奇幻', '热血', '战斗', '时泪']",9.4,224.0
804,3571,82024,1908,317136,7802,"['校园', '日常', '治愈', '励志']",9.7,702.0
805,6162,82265,3965,3890319,164614,"['热血', '战斗', '励志', '游戏改', '架空', '冒险']",9.6,540.0
806,1210,82323,1161,860939,23410,"['奇幻', '热血', '战斗']",8.9,162.0
807,1595,82342,1764,1696566,15758,"['搞笑', '泡面']",9.2,234.0
808,6075,82357,4158,778582,13922,"['少女', '魔法']",9.6,669.0
809,1295,82562,1951,1038182,73841,"['科幻', '机战']",9.1,480.0
810,1789,82736,4220,1041354,32822,['日常'],9.7,768.0
811,762,78179,3270,2362985,127554,"['历史', '声控', '乙女']",9.2,171.0
812,6183,78215,625,412370,1050,"['科幻', '战斗']",9.6,265.0
813,5938,78323,2404,2579781,27835,"['热血', '运动']",9.4,220.0
814,729,78472,6187,1523094,73985,"['日常', '热血', '励志', '职场', '漫画改']",9.8,1738.0
815,3798,78558,1141,830460,9195,['战斗'],9.5,301.0
816,80472,78612,4442,2668827,43213,"['机战', '科幻', '原创']",7.1,1022.0
817,3350,78666,2041,740841,15493,"['萌系', '搞笑', '日常', '泡面']",9.6,173.0
818,5489,78690,2744,594867,13629,['科幻'],9.6,875.0
819,2068,78852,1472,714188,24174,"['奇幻', '日常', '原创']",9.0,347.0
820,2271,78868,2703,1653870,36743,"['时泪', '热血']",9.7,327.0
821,2774,78933,3046,2439095,51566,"['热血', '奇幻', '战斗', '历史']",8.0,137.0
822,1765,79025,619,281585,3645,"['科幻', '热血']",9.1,202.0
823,5518,79527,5111,1304673,65696,"['漫画改', '校园', '社团', '运动']",9.3,251.0
824,3807,79721,1032,410603,8354,"['机战', '战斗', '架空']",8.3,594.0
825,2857,73731,2554,889141,14928,"['搞笑', '校园', '少女']",9.5,347.0
826,1127,73865,1429,847698,46762,"['奇幻', '少女', '热血']",8.7,270.0
827,3447,74489,1422,733325,14260,"['奇幻', '少女']",9.5,302.0
828,2416,74796,3128,2277748,88615,"['搞笑', '热血']",9.7,753.0
829,84,75508,2049,3171701,223090,"['搞笑', '日常', '美食']",9.2,371.0
830,728,75710,4583,1544324,75386,"['日常', '热血', '励志', '职场', '漫画改']",9.7,944.0
831,3396,75922,2416,902871,25381,['奇幻'],9.7,438.0
832,2791,75928,1773,1143610,26161,"['日常', '泡面', '科幻', '偶像']",9.0,103.0
833,89192,76027,768,351856,14419,"['音乐', '乙女']",9.7,184.0
834,4440,76192,1196,556241,10785,['恋爱'],9.5,198.0
835,1937,76203,765,245440,9292,"['日常', '校园']",9.1,163.0
836,3332,76327,1597,965255,78283,"['热血', '科幻']",9.7,433.0
837,5539,76525,7149,1708373,80951,"['漫画改', '校园', '社团', '运动']",9.2,194.0
838,3318,76691,5499,2294099,46723,"['萌系', '恋爱', '少女', '治愈']",9.7,777.0
839,24305517,76718,400,56557,2074,"['漫画改', '战斗', '历史']",9.7,118.0
840,1371,70638,482,432710,23409,"['奇幻', '热血']",9.2,181.0
841,4315702,70640,6968,1364586,10984,"['音乐', '治愈', '励志', '漫画改', '声控']",9.1,623.0
842,208,70772,4910,3238734,136922,"['时泪', '运动', '热血']",9.7,506.0
843,1141,71380,1048,468641,17360,"['日常', '少女', '治愈', '美食']",9.6,244.0
844,4779,71535,470,234515,2847,"['恋爱', '架空']",9.4,185.0
845,2866,71626,1485,1202924,14631,"['校园', '日常', '治愈']",9.7,276.0
846,3360,71658,1708,552343,24812,"['热血', '战斗']",9.5,381.0
847,27561630,72208,3194,786334,17945,"['小说改', '科幻', '架空', '智斗']",9.7,1232.0
848,25832466,72312,9982,1742887,26968,"['漫画改', '战斗']",9.6,1783.0
849,4378,72339,2784,2107400,65032,"['战斗', '架空', '冒险']",9.6,441.0
850,5581418,72954,6659,810336,16577,"['奇幻', '游戏改']",8.8,748.0
851,476,73026,296,72613,3208,"['搞笑', '科幻', '热血', '偶像']",9.2,445.0
852,3008,73223,5026,845925,16930,"['热血', '科幻', '时泪']",9.8,913.0
853,5424,66688,797,550157,24271,"['奇幻', '日常', '小说改', '声控']",9.6,439.0
854,1102,66715,644,519837,13741,"['奇幻', '热血']",8.6,179.0
855,10732,66883,6248,1275484,16581,"['恋爱', '校园', '原创']",9.7,1031.0
856,2204,67343,2594,1185554,52671,"['萌系', '搞笑', '热血', '奇幻', '战斗']",9.8,357.0
857,4216,67617,2573,427319,20518,['少女'],9.6,959.0
858,2021,67878,1309,859592,23647,"['催泪', '少女', '治愈', '奇幻', '偶像', '日常']",9.7,306.0
859,1250,67879,51,154431,342,"['奇幻', '科幻']",8.7,125.0
860,1434,68241,1368,145725,7297,"['萌系', '日常', '治愈']",9.4,250.0
861,4760,68259,1763,431105,25874,['治愈'],9.5,290.0
862,2656,68310,739,588517,16126,"['萌系', '奇幻', '魔法', '战斗', '游戏改']",9.2,190.0
863,2854,68691,678,258160,3815,"['热血', '奇幻', '架空', '穿越', '冒险']",9.8,429.0
864,5966,68758,3612,1960071,6459,"['偶像', '泡面']",9.4,182.0
865,1380,69061,7322,3502168,83340,"['科幻', '战斗', '热血', '智斗']",9.6,573.0
866,1308,69214,745,192299,7639,"['萌系', '奇幻', '少女']",9.7,246.0
867,5025,69564,5447,4178781,87028,['热血'],8.2,165.0
868,825,64039,200,90113,1315,"['历史', '奇幻', '热血', '战斗']",8.6,131.0
869,1749,64037,1719,1654112,29609,['萌系'],9.7,250.0
870,657,64244,539,169214,9756,['日常'],9.3,178.0
871,1590,64314,522,444527,13411,"['历史', '热血', '游戏改']",9.3,135.0
872,2070,64462,383,499578,13682,"['奇幻', '日常', '智斗', '推理']",8.4,124.0
873,1965,64573,1331,746854,21493,['奇幻'],9.4,271.0
874,658,64805,670,260187,6342,"['日常', '游戏改']",8.9,138.0
875,6164,64983,2181,1780463,82703,"['热血', '战斗', '励志', '架空', '冒险']",7.7,318.0
876,1374,65136,302,326576,9125,"['少女', '治愈']",8.5,176.0
877,4949,65178,1921,797970,32272,['萌系'],9.2,222.0
878,3364,65310,919,756530,24751,"['机战', '科幻', '战斗', '架空']",9.0,217.0
879,60212,106245,2351,486219,14773,"['奇幻', '少女']",9.6,729.0
880,1843,65994,915,394451,19005,"['日常', '少女']",9.0,196.0
881,1728,66024,2513,2630184,59543,['热血'],9.8,411.0
882,1221,61851,714,999473,30536,"['科幻', '热血', '机战']",8.7,125.0
883,3228,61922,1515,960099,16278,['奇幻'],9.6,176.0
884,1787,62002,1147,377364,8325,['奇幻'],8.8,299.0
885,5504,62221,4314,1384832,15060,"['萌系', '泡面']",9.4,100.0
886,5500,62291,3110,1199519,28791,['游戏改'],9.7,439.0
887,1015,62304,1055,461132,11462,"['运动', '治愈', '热血', '声控', '智斗', '社团', '励志']",9.7,579.0
888,1231,62312,675,178478,3445,"['奇幻', '日常', '热血', '推理']",9.4,271.0
889,28222687,62474,1891,451176,1503,"['原创', '少儿', '治愈', '萌系']",9.7,265.0
890,114452,62752,3634,385273,33742,"['社团', '运动']",9.7,817.0
891,28220788,62852,1152,316658,11698,"['游戏改', '奇幻', '魔法', '神魔', '恋爱', '校园']",9.0,217.0
892,1112,63016,1760,1253895,4606,"['时泪', '奇幻', '热血', '魔法', '神魔', '架空', '冒险']",9.7,339.0
893,134672,63269,2261,318783,3366,"['日常', '泡面', '萌系']",9.6,501.0
894,2855,63322,473,185597,2553,"['热血', '奇幻', '架空', '穿越', '冒险']",9.7,366.0
895,1423,63327,631,511249,10924,"['萌系', '奇幻', '日常']",8.8,109.0
896,1528,59495,966,2820010,37125,"['搞笑', '泡面']",9.1,166.0
897,78732,59511,1246,373169,12344,[],9.0,367.0
898,211,59555,3969,6319373,124411,"['时泪', '运动', '热血']",9.6,278.0
899,3075,59802,6726,640230,29692,"['搞笑', '日常', '校园', '萌系']",9.8,857.0
900,2776,59811,1071,567431,18232,"['智斗', '奇幻']",9.6,244.0
901,1271,59906,2207,752670,36010,"['奇幻', '治愈', '热血']",9.8,533.0
902,78532,59912,4899,1297237,3730,['漫画改'],9.6,497.0
903,473,59985,2514,1754242,59579,['奇幻'],9.5,257.0
904,135252,60080,8110,3229008,8905,"['萌系', '音乐', '偶像', '少女', '游戏改', '泡面']",9.7,1229.0
905,1166,60249,2796,687597,69757,"['日常', '校园']",9.7,526.0
906,5963,60208,3465,2844190,55507,"['偶像', '原创']",8.0,274.0
907,17,60614,1258,2185735,10890,"['萌系', '日常', '运动', '社团']",9.3,189.0
908,2299,61086,9593,18437432,183195,"['搞笑', '日常']",9.8,1184.0
909,1238,61136,1701,385269,14996,"['科幻', '少女']",9.8,694.0
910,82692,61218,4571,2098060,44943,['搞笑'],9.4,1062.0
911,1279,61260,467,382694,4289,['日常'],8.1,102.0
912,2593,56112,3226,1882735,25772,"['萌系', '搞笑', '日常', '校园']",9.3,235.0
913,6071,56374,1618,356947,2592,['战斗'],9.2,351.0
914,2470,56415,1815,1544592,38030,"['时泪', '搞笑', '热血']",9.5,302.0
915,3507,56574,818,593877,5387,"['萌系', '搞笑']",9.4,128.0
916,131532,106624,4186,371935,4710,"['催泪', '日常', '治愈', '励志']",9.7,842.0
917,951,56743,1350,427947,16784,"['日常', '少女', '治愈']",9.5,328.0
918,1928,56808,1763,504241,14123,['奇幻'],9.7,300.0
919,3236,56847,908,536804,3383,['日常'],9.2,146.0
920,992,56956,1556,832433,31057,"['搞笑', '少女', '治愈', '美食']",9.6,458.0
921,879,56963,1221,473791,18506,"['奇幻', '热血']",7.3,113.0
922,140692,57170,5636,557610,9569,"['热血', '战斗', '漫画改']",7.7,524.0
923,28220842,57375,3330,400902,10308,"['游戏改', '科幻', '恋爱', '声控']",7.9,831.0
924,643,57752,1983,2284676,94090,"['科幻', '音乐', '热血', '偶像']",9.6,295.0
925,4333,58079,1832,422571,5190,['恋爱'],9.7,588.0
926,475,58188,626,1336944,65248,['科幻'],8.6,169.0
927,1133,54559,825,740063,39654,['少女'],9.7,164.0
928,487,54772,787,1196557,51827,"['奇幻', '智斗', '推理']",9.3,117.0
929,71992,54980,9397,969869,34085,"['奇幻', '战斗', '布袋戏', '冒险']",9.7,2307.0
930,8712,55003,1500,551276,4923,['奇幻'],9.7,350.0
931,2012,55032,952,749536,29714,"['奇幻', '恋爱', '神魔', '少女', '战斗']",9.4,172.0
932,2038,55050,2236,3232621,504,"['萌系', '搞笑', '日常']",9.8,201.0
933,5391,55127,1862,849624,21832,"['奇幻', '战斗']",9.7,521.0
934,2425,55245,3907,2297744,174417,"['日常', '少女', '运动', '热血', '社团', '励志']",9.8,931.0
935,111892,55248,1621,598596,8369,"['战斗', '游戏改', '架空']",9.2,266.0
936,3532,55295,4933,3730938,66532,"['偶像', '少儿']",9.4,158.0
937,1793,55447,1732,787128,31000,"['搞笑', '日常']",9.7,395.0
938,2796,55615,2056,462263,16200,"['奇幻', '战斗', '少女', '少儿', '魔法']",9.4,201.0
939,4106,55740,829,1065213,1725,['萌系'],9.0,214.0
940,5758,51337,1550,921298,18247,[],9.4,147.0
941,4268,51437,2065,2693543,52417,['机战'],8.8,400.0
942,2480,51700,792,794360,21043,"['日常', '治愈']",9.7,133.0
943,4642,51805,307,74474,1132,['恋爱'],8.5,119.0
944,901,51820,635,1005617,72753,"['奇幻', '热血']",8.9,121.0
945,3673,51895,1798,526770,14938,"['奇幻', '治愈']",9.7,389.0
946,2170,52411,841,407787,5514,['热血'],9.4,194.0
947,797,52426,695,755405,42044,"['奇幻', '热血', '架空']",8.6,113.0
948,1844,52735,327,79228,1389,"['搞笑', '日常', '校园']",9.3,185.0
949,103072,53020,3126,1025906,3357,"['萌系', '治愈']",9.5,360.0
950,1705,53173,390,202316,5214,"['科幻', '热血', '智斗']",9.3,103.0
951,4308962,53286,1736,1411852,19198,"['搞笑', '校园', '运动', '奇幻']",9.1,193.0
952,1395,53901,328,414078,7021,"['萌系', '奇幻']",9.4,119.0
953,28221416,54173,4461,368732,13651,"['漫画改', '科幻', '冒险']",9.8,2164.0
954,3156,48843,1162,219690,2803,['治愈'],9.6,112.0
955,3230,49018,2051,517400,14827,"['搞笑', '日常']",9.6,311.0
956,3488,49042,1741,1096720,32985,"['热血', '机战', '战斗']",9.1,180.0
957,5059,49173,1885,801060,26125,"['运动', '治愈']",9.0,164.0
958,28222740,49196,1550,366656,1097,"['泡面', '原创', '校园']",9.2,211.0
959,2678,49434,387,365401,10935,"['科幻', '奇幻', '机战', '社团']",8.7,101.0
960,2004,49471,820,289848,4574,"['科幻', '机战']",9.5,268.0
961,80072,49713,3079,1064657,17582,"['魔法', '漫画改']",9.5,736.0
962,3838,49730,1287,1212155,22004,"['热血', '运动', '时泪']",9.6,137.0
963,1794,49831,1515,611507,24674,"['搞笑', '日常']",9.7,361.0
964,2702,49851,1563,468029,9431,"['科幻', '战斗']",9.8,542.0
965,793,50139,368,91024,3543,"['科幻', '热血']",8.7,181.0
966,2290,47680,814,216890,7237,"['时泪', '科幻', '热血', '机战']",9.5,220.0
967,5582,47687,1432,366377,7465,[],9.4,188.0
968,3395,47701,13564,5366907,307395,['奇幻'],9.7,573.0
969,3990,47874,438,232157,563,['少女'],9.4,170.0
970,41872,47885,1659,686521,20771,"['少女', '魔法', '漫画改']",9.4,436.0
971,4124,47933,1363,327900,14229,['偶像'],9.6,383.0
972,7,48047,415,835586,5161,"['搞笑', '泡面', '日常', '校园']",8.7,112.0
973,10772,48078,450,236641,2596,[],9.0,131.0
974,3785,48153,1647,579440,24408,['奇幻'],9.7,286.0
975,141572,48161,464,68653,3380,"['恋爱', '神魔', '漫画改']",9.2,203.0
976,5437,48233,1056,503268,6000,['萌系'],9.7,143.0
977,3745,48241,460,186495,4086,"['日常', '游戏改']",9.5,167.0
978,6070,48356,824,628479,3284,['机战'],8.9,512.0
979,5137,48366,1651,270155,5440,[],9.3,328.0
980,1938,48393,663,177503,3015,['日常'],9.6,285.0
981,1041,45648,1034,810039,21187,"['少女', '音乐']",9.7,283.0
982,212,45760,4045,2660231,46621,"['时泪', '运动', '热血']",9.7,367.0
983,2840,45807,1361,518424,14651,['时泪'],9.5,290.0
984,78752,45839,2896,553215,6360,['日常'],9.2,272.0
985,1426,45999,305,92186,1936,"['萌系', '日常']",8.6,106.0
986,2029,46146,354,415705,19657,"['科幻', '少女']",9.2,207.0
987,16179187,46467,3701,265250,5123,"['搞笑', '漫画改']",9.5,534.0
988,6424,46867,3770,1121203,4474,"['音乐', '偶像', '原创']",9.4,416.0
989,2853,46885,211,102422,750,"['奇幻', '热血', '架空', '穿越', '冒险']",9.2,145.0
990,3254,46963,892,188415,3614,"['少女', '日常', '治愈']",9.4,178.0
991,4680,47100,1673,756060,29003,"['机战', '历史']",9.5,285.0
992,3797,43825,818,593878,5387,"['恋爱', '日常']",9.3,159.0
993,2998,43857,1003,559480,29039,"['恋爱', '治愈']",9.4,105.0
994,6369,43900,1824,832105,26377,"['热血', '原创']",7.2,195.0
995,6077,44148,240,521343,2135,"['奇幻', '战斗']",9.2,168.0
996,1333,44298,293,179319,1489,"['科幻', '热血']",6.0,339.0
997,106612,44310,7540,879041,7194,"['奇幻', '战斗', '架空', '穿越', '冒险']",9.8,1721.0
998,1657,44463,2248,815355,57741,"['科幻', '日常', '治愈', '热血', '励志']",9.8,418.0
999,1020,44570,1417,881774,26011,['运动'],9.7,328.0
1000,118152,44599,2426,336002,13643,['运动'],9.6,382.0
1001,2073,44723,790,428862,17180,['热血'],9.6,221.0
1002,209,45119,2101,1553914,59329,['运动'],9.5,250.0
1003,2306,45210,1197,977293,57956,"['日常', '少儿']",9.7,246.0
1004,4194,42207,4946,2046786,78542,['运动'],9.7,1045.0
1005,953,42340,460,199317,7315,['奇幻'],8.3,167.0
1006,1340,42453,1021,793731,46900,"['日常', '少女', '热血', '职场']",9.6,199.0
1007,35992,42471,783,191880,9803,"['科幻', '热血']",9.3,286.0
1008,3470,42480,276,642149,1642,"['校园', '社团', '少女']",9.5,255.0
1009,2325,42621,881,539935,16857,"['奇幻', '少女', '魔法', '架空', '穿越', '冒险']",9.4,126.0
1010,77612,42825,5268,2182830,23754,"['运动', '漫画改']",9.6,517.0
1011,28222623,42994,1027,136428,4282,"['漫画改', '校园', '恋爱']",8.2,236.0
1012,2669,43024,3171,1921288,134036,['萌系'],9.7,506.0
1013,2327,43095,1098,580198,24384,"['科幻', '热血', '机战']",9.7,257.0
1014,921,43177,1943,1465497,74007,"['搞笑', '日常']",9.5,331.0
1015,887,43392,669,334741,5425,"['日常', '泡面']",9.5,160.0
1016,6454,43707,2659,861377,24267,['原创'],8.7,514.0
1017,2900,40685,469,279412,3625,['萌系'],9.7,337.0
1018,131612,40744,1485,583704,20116,"['科幻', '热血', '机战']",9.4,306.0
1019,1778,40901,231,46271,1084,"['少女', '治愈']",9.0,117.0
1020,28221405,41066,1809,107739,3733,"['漫画改', '音乐']",9.8,408.0
1021,1300,41129,902,845532,21280,"['奇幻', '少女', '声控', '小说改', '乙女', '架空', '穿越']",9.5,183.0
1022,2671,41259,3053,2129579,119189,['萌系'],9.7,505.0
1023,995,41343,1103,378385,11723,"['搞笑', '日常', '治愈']",9.6,333.0
1024,1846,41435,231,242271,1819,"['日常', '治愈', '游戏改']",9.5,127.0
1025,3843,41486,845,386487,5269,"['热血', '科幻', '奇幻', '战斗']",9.6,216.0
1026,5939,41585,696,573098,2698,"['奇幻', '架空', '冒险']",9.0,114.0
1027,3757,41583,3110,1199521,28791,"['科幻', '奇幻', '校园', '战斗']",9.4,166.0
1028,10412,41821,2213,720205,15022,"['校园', '少女', '战斗', '治愈']",9.8,457.0
1029,519,38951,912,551316,86738,"['日常', '少女']",9.5,256.0
1030,1719,38958,8088,7985149,342959,"['热血', '奇幻', '战斗']",9.7,629.0
1031,3758,39203,3110,1199521,28791,"['科幻', '奇幻', '校园', '战斗']",9.5,160.0
1032,75912,39254,1002,219013,7860,"['科幻', '热血']",9.6,467.0
1033,1408,39292,538,455828,16048,['热血'],9.2,145.0
1034,1230,39634,454,319866,5667,"['历史', '热血']",9.1,100.0
1035,121412,39623,1384,585800,4521,['机战'],8.0,221.0
1036,3902,39897,3036,1622718,50868,"['奇幻', '时泪', '冒险']",9.2,233.0
1037,894,40190,1494,260082,2662,"['日常', '治愈']",9.7,401.0
1038,1864,37105,223,61585,947,"['日常', '治愈']",9.3,131.0
1039,4970,37243,456,123565,1425,['科幻'],9.3,154.0
1040,26334240,37448,1730,192118,3592,"['漫画改', '恋爱', '校园', '音乐', '热血']",9.4,356.0
1041,2670,37453,2302,1353245,50545,['萌系'],9.7,373.0
1042,4267,37573,798,623788,17846,['机战'],8.7,330.0
1043,5485,37878,477,285893,2614,"['日常', '治愈']",8.7,159.0
1044,3783,37907,958,312215,7685,"['奇幻', '日常', '治愈']",8.2,235.0
1045,2319,37912,935,669090,16485,"['奇幻', '热血']",9.5,113.0
1046,1246,37976,523,279870,14045,"['奇幻', '热血']",9.4,121.0
1047,1723,38054,2400,2462936,144151,"['科幻', '热血']",9.6,325.0
1048,6337,34795,2084,976631,2497,['搞笑'],9.3,314.0
1049,2800,34853,2512,545591,8640,"['校园', '日常', '治愈']",9.7,162.0
1050,15072,35058,2910,1285309,32056,"['萌系', '搞笑', '少儿', '冒险']",9.7,380.0
1051,644,35184,1328,1962225,42649,"['科幻', '音乐', '热血', '偶像']",9.6,234.0
1052,5545,35287,2408,1285497,36441,"['漫画改', '推理']",9.7,214.0
1053,28221622,35308,709,77994,4251,"['小说改', '穿越', '奇幻', '战斗', '魔法']",9.8,547.0
1054,3482,35627,628,824994,3162,"['奇幻', '泡面', '架空']",8.8,137.0
1055,5311,36000,1139,201471,3597,['科幻'],9.5,224.0
1056,2454,36139,2080,1229904,53205,"['时泪', '科幻', '热血']",9.6,420.0
1057,678,36271,912,780324,11618,"['萌系', '日常', '泡面', '治愈', '美食']",9.0,240.0
1058,1040,33936,968,688722,24548,"['少女', '音乐']",9.7,196.0
1059,3485,33965,552,304082,6758,"['奇幻', '架空']",9.3,102.0
1060,2733,33999,1058,933264,7709,"['萌系', '搞笑', '日常']",9.4,100.0
1061,817,34068,5181,1619265,75290,"['科幻', '战斗', '日常']",9.6,284.0
1062,125692,34209,3567,1425449,49224,['魔法'],9.7,1344.0
1063,1922,34239,522,219735,8973,"['奇幻', '热血', '魔法']",9.3,212.0
1064,1449,34202,483,140468,3107,"['时泪', '治愈', '奇幻']",9.7,312.0
1065,1890,34246,412,84562,2927,['科幻'],9.3,186.0
1066,1344,34274,444,157334,5620,"['萌系', '日常', '治愈']",9.6,151.0
1067,2358,34283,2493,1154734,62679,"['科幻', '热血', '冒险']",9.5,210.0
1068,3363,34373,835,409639,22884,"['奇幻', '校园', '日常']",9.6,148.0
1069,241,32735,551,545726,8643,"['日常', '治愈']",9.3,119.0
1070,2825,32856,558,90351,3593,"['日常', '治愈', '时泪']",9.8,499.0
1071,24101539,32933,2586,692221,1760,"['原创', '日常', '偶像', '萌系']",9.5,162.0
1072,2913,33001,956,390344,18422,"['科幻', '时泪']",9.5,201.0
1073,162,33077,617,313904,6484,"['时泪', '奇幻', '神魔', '架空', '冒险']",9.6,162.0
1074,4108,33087,1257,381599,9114,"['机战', '战斗']",9.7,602.0
1075,78172,33170,4660,877766,9380,"['音乐', '偶像', '原创']",8.4,243.0
1076,3505,33234,564,882507,1064,['日常'],9.5,188.0
1077,3769,33319,1606,369731,23205,['校园'],9.2,118.0
1078,1862,33533,316,93892,2242,"['奇幻', '架空']",9.5,211.0
1079,4398,31657,1732,447777,15346,"['萌系', '搞笑', '日常']",9.7,206.0
1080,1776,31700,1148,1089753,22804,"['热血', '智斗']",9.5,280.0
1081,1117,31850,266,150115,4936,"['奇幻', '科幻', '治愈', '架空']",8.9,114.0
1082,82132,31883,1985,540465,5596,"['热血', '运动']",9.7,520.0
1083,582,32067,1853,2074684,83531,"['历史', '热血', '智斗']",9.2,218.0
1084,2079,32146,640,398724,15216,['热血'],9.3,176.0
1085,2102,32363,1413,669246,29860,"['萌系', '奇幻', '搞笑', '治愈']",9.7,195.0
1086,1356,32363,428,213535,13671,"['萌系', '日常', '魔法']",9.1,102.0
1087,2137,32381,1110,1390183,64438,"['时泪', '运动', '热血']",9.6,153.0
1088,25567597,32398,75636,17479856,344549,"['漫画改', '奇幻', '战斗', '科幻']",9.3,925.0
1089,1967,29643,482,145180,6026,['科幻'],9.2,204.0
1090,795,29740,1036,565958,34221,"['奇幻', '热血', '游戏改']",9.5,121.0
1091,1687,29761,1126,927794,31672,"['萌系', '日常']",9.4,185.0
1092,500,29847,1722,1771602,56613,"['运动', '热血']",9.7,318.0
1093,2031,29853,536,411643,12295,"['萌系', '热血']",9.4,118.0
1094,3766,29887,3296,3294662,241692,"['奇幻', '神魔']",9.6,125.0
1095,1718,30050,8088,7985192,342962,"['热血', '奇幻', '战斗']",9.6,282.0
1096,102472,30412,2004,336873,6939,[],9.1,358.0
1097,2030,30536,590,337078,21617,"['奇幻', '少女']",9.7,179.0
1098,92,30552,8339,6473101,38222,"['搞笑', '日常', '泡面']",9.1,139.0
1099,28220112,28326,1459,248084,3205,"['机战', '科幻', '漫画改']",9.7,482.0
1100,1472,28384,340,62414,1408,"['奇幻', '科幻']",9.5,134.0
1101,1461,28403,415,191472,13625,"['科幻', '机战', '架空']",9.7,173.0
1102,515,28501,1671,407088,23414,"['日常', '治愈', '社团']",9.6,176.0
1103,1924,28629,797,125052,7217,"['音乐', '热血', '日常']",9.7,333.0
1104,5615,28674,1385,580946,7844,['少儿'],9.6,134.0
1105,28221521,28728,2524,447070,7520,"['漫画改', '科幻', '冒险', '励志']",9.5,363.0
1106,3837,28777,628,266010,2135,"['催泪', '恋爱', '科幻']",9.4,174.0
1107,4686,27308,836,273273,3344,['战斗'],9.8,222.0
1108,4447,27474,800,849082,7295,"['萌系', '搞笑']",9.1,113.0
1109,791,27694,1476,1241704,60355,"['科幻', '热血', '催泪', '机战', '架空']",8.0,180.0
1110,1720,27726,8088,7985204,342962,"['热血', '奇幻', '战斗']",9.6,233.0
1111,4748,27736,1031,205928,14335,['奇幻'],9.2,102.0
1112,2272,27745,1342,1305145,30811,"['时泪', '热血']",9.4,209.0
1113,28152,27789,5226,784653,3082,['泡面'],9.7,1134.0
1114,69252,27929,4378,1724255,5415,['泡面'],9.7,694.0
1115,2450,27941,1369,724759,34317,"['时泪', '萌系', '科幻', '少儿', '热血']",9.7,228.0
1116,1902,28073,587,244188,16934,[],9.2,166.0
1117,5126,26042,1105,1025221,13547,[],9.3,110.0
1118,1314,26061,1073,262773,21199,"['少女', '治愈']",9.7,303.0
1119,6480,26098,1332,891565,23964,[],9.0,145.0
1120,1004,26110,413,710174,7578,"['科幻', '热血']",3.3,414.0
1121,1340832,26159,581,107428,1274,['奇幻'],9.5,119.0
1122,3514,26203,727,351846,32380,"['热血', '运动', '少女', '校园', '社团']",9.2,121.0
1123,2464,26209,517,809483,16283,"['科幻', '热血', '冒险']",9.5,126.0
1124,1750,26262,807,940323,13906,['萌系'],9.7,141.0
1125,1920,26336,459,257241,13816,['奇幻'],9.5,119.0
1126,7952,26388,1976,1009517,4294,"['日常', '泡面', '漫画改']",9.7,414.0
1127,5956,26614,2295,476446,6925,"['搞笑', '泡面']",9.6,212.0
1128,1971,24828,523,179280,6707,"['日常', '少女']",9.3,132.0
1129,3795,25186,3269,705711,24455,['魔法'],9.7,321.0
1130,2254,25276,1198,435168,23880,"['时泪', '科幻']",9.8,302.0
1131,1219,25336,295,85523,1254,['科幻'],9.7,183.0
1132,3813,25354,189,72242,896,['机战'],9.2,137.0
1133,128072,25427,2563,1010643,36131,"['萌系', '魔法', '日常', '少儿']",9.6,569.0
1134,6398,25435,1254,315457,5509,"['音乐', '校园', '社团', '日常', '励志']",9.1,222.0
1135,102352,25591,2016,206168,13234,"['治愈', '萌系', '日常']",9.7,505.0
1136,1995,25614,517,198660,8493,['热血'],9.7,151.0
1137,2659,23989,454,406606,16759,['奇幻'],9.5,128.0
1138,4312942,24071,177,30582,932,"['热血', '奇幻', '漫画改']",9.2,106.0
1139,11663079,24158,21229,1389267,11189,['声控'],9.6,306.0
1140,3750,24164,2295,637457,28079,"['搞笑', '日常']",9.6,597.0
1141,105592,24356,1094,741781,4500,"['治愈', '少儿']",9.5,114.0
1142,4313002,24467,349,51778,2656,"['奇幻', '游戏改', '架空', '冒险']",9.2,153.0
1143,3492,24465,1197,215962,3199,"['少女', '治愈']",9.6,259.0
1144,4294,24465,1430,1262474,17413,[],9.4,201.0
1145,1315,24503,400,47857,2139,"['萌系', '搞笑', '科幻', '声控']",9.6,195.0
1146,28220987,24518,618,148732,4621,"['日常', '恋爱', '游戏改']",9.6,236.0
1147,3566,23313,488,318456,7295,"['热血', '科幻', '战斗']",9.6,124.0
1148,2104,23506,1386,293388,12755,['日常'],9.8,484.0
1149,3850,23629,410,120765,1330,"['搞笑', '日常']",9.6,135.0
1150,28221491,23637,2345,177917,3479,"['奇幻', '战斗', '校园', '音乐']",9.7,581.0
1151,28221526,23646,1063,185988,3324,"['小说改', '穿越', '奇幻', '职场']",8.4,241.0
1152,1016,23709,587,182081,4150,"['运动', '治愈', '热血', '声控', '智斗', '社团', '励志']",9.7,347.0
1153,5869,23708,8160,3357036,69105,"['萌系', '搞笑', '泡面']",9.5,193.0
1154,28221447,23738,920,232095,3593,"['机战', '科幻', '漫画改']",9.7,275.0
1155,100772,22746,1127,481920,8077,"['小说改', '热血', '机战']",9.5,163.0
1156,8692,22926,2551,166242,3608,"['萌系', '日常', '治愈']",9.6,408.0
1157,140652,22936,1381,160487,5262,['原创'],9.4,321.0
1158,4016,22950,695,411906,4833,"['热血', '机战', '科幻']",9.6,136.0
1159,28221037,22985,834,189565,3648,"['机战', '科幻', '漫画改']",9.6,244.0
1160,876,22066,194,59796,1787,"['奇幻', '科幻', '热血', '架空']",8.4,122.0
1161,28221482,22082,953,182920,3212,"['小说改', '奇幻', '魔法', '穿越', '冒险', '架空']",7.8,182.0
1162,5870,22150,8160,3357039,69105,"['萌系', '搞笑', '泡面']",9.6,190.0
1163,14532,22162,1536,825677,15257,"['萌系', '搞笑', '少儿']",9.5,188.0
1164,44832,22155,429,203924,3701,"['战斗', '漫画改']",9.1,158.0
1165,2449,22196,539,346119,16465,"['时泪', '萌系', '科幻', '少儿', '热血']",9.7,129.0
1166,4473,22281,802,431709,14113,['萌系'],9.2,267.0
1167,2297,22343,820,852471,12305,"['时泪', '科幻', '热血']",9.6,130.0
1168,1394,21651,1741,235914,11600,"['萌系', '搞笑', '日常', '治愈']",9.8,341.0
1169,5765,21737,636,250267,5410,"['偶像', '励志']",9.6,191.0
1170,3434,21793,256,48573,1940,"['奇幻', '治愈']",9.6,162.0
1171,5930,21801,286,32045,583,"['恋爱', '音乐', '校园']",9.6,197.0
1172,35572,21839,2015,742951,22501,"['萌系', '搞笑', '少儿']",9.8,328.0
1173,5909,21859,1070,743003,2329,['泡面'],9.7,196.0
1174,827,21924,379,302394,5410,['运动'],9.0,134.0
1175,5407,20992,1157,673712,17305,"['少女', '时泪']",9.6,133.0
1176,132232,21004,970,400989,15969,"['热血', '机战', '科幻']",9.7,307.0
1177,5574,21064,1327,581017,11454,['科幻'],9.4,133.0
1178,3901,21113,1140,427205,14144,"['奇幻', '时泪', '冒险']",9.3,155.0
1179,28220843,21133,583,224711,10585,"['原创', '科幻', '机战']",8.6,252.0
1180,140732,21168,831,145778,2511,"['萌系', '搞笑', '恋爱', '奇幻', '漫画改']",8.8,111.0
1181,2092,21301,921,477948,12222,['搞笑'],9.6,128.0
1182,127452,21407,706,612532,5452,['机战'],9.4,143.0
1183,10532,20281,1377,670512,18803,"['萌系', '搞笑', '少儿']",9.6,159.0
1184,4734,20289,394,70167,494,['萌系'],9.5,230.0
1185,10492,20291,1898,714018,19963,"['萌系', '少儿', '冒险']",9.7,200.0
1186,2549,20331,1020,609019,12504,"['萌系', '奇幻', '科幻', '少儿', '穿越', '冒险']",9.6,118.0
1187,1905,20391,623,295978,12162,"['日常', '治愈']",9.6,131.0
1188,2206,20645,418,155492,10236,"['奇幻', '科幻']",8.8,190.0
1189,898,20693,353,180153,10018,"['奇幻', '日常']",8.8,118.0
1190,3262,20693,767,509941,20572,['热血'],9.6,162.0
1191,3898,20756,906,371862,6015,"['奇幻', '时泪', '冒险']",9.5,152.0
1192,2418,20771,641,340377,23955,"['日常', '少女']",9.5,144.0
1193,1847,19786,213,60876,1692,"['奇幻', '日常', '少女']",9.1,139.0
1194,2493,19939,294,47342,1514,"['奇幻', '战斗']",9.7,264.0
1195,3564,20015,455,251183,4918,"['机战', '战斗']",9.5,131.0
1196,6179,20048,1218,738858,26402,"['热血', '科幻']",9.7,175.0
1197,1927,20130,588,89417,1719,['热血'],9.6,151.0
1198,18452,20142,1458,667754,13768,[],9.4,160.0
1199,2093,19249,675,357689,10151,['搞笑'],9.7,134.0
1200,10472,19257,1340,528688,7298,"['搞笑', '时泪', '冒险']",9.6,149.0
1201,79412,19435,3362,464361,2857,"['少儿', '冒险']",7.3,148.0
1202,46092,19453,1154,769345,13492,"['萌系', '搞笑', '少儿']",9.6,144.0
1203,5158,19475,235,99829,2579,['推理'],9.5,169.0
1204,28221512,19537,160,23793,1072,['漫画改'],9.5,101.0
1205,5498,19539,684,171464,995,['推理'],9.5,118.0
1206,92812,19564,805,257343,2340,['奇幻'],9.6,193.0
1207,4308942,18673,185,18465,863,"['治愈', '励志', '漫画改']",9.8,143.0
1208,3521,18674,1332,363350,14205,"['奇幻', '战斗']",9.7,253.0
1209,2390,18686,373,125102,930,"['奇幻', '科幻', '热血', '机战', '架空']",9.6,133.0
1210,3351,18720,2041,740844,15493,"['萌系', '搞笑', '日常', '泡面']",9.7,104.0
1211,3900,18811,913,262625,6021,"['奇幻', '时泪']",9.7,212.0
1212,39112,18891,1900,553093,14524,"['萌系', '少儿', '穿越', '冒险']",9.7,304.0
1213,2150,18964,421,250805,3468,"['奇幻', '热血']",9.4,122.0
1214,3568,18220,748,350590,7224,"['机战', '科幻', '奇幻']",9.4,141.0
1215,1223,18272,193,31948,1192,['日常'],9.4,100.0
1216,1414,18302,309,44996,1429,"['萌系', '日常', '治愈']",9.6,149.0
1217,3883,18343,796,243621,5968,"['奇幻', '历史', '冒险']",9.6,115.0
1218,3803,18360,617,234844,3122,"['战斗', '搞笑', '热血']",9.7,215.0
1219,3284,18370,793,445024,7537,"['热血', '科幻', '智斗', '声控', '冒险']",9.5,120.0
1220,3842,18448,585,604912,4789,['萌系'],9.6,150.0
1221,871,18482,692,181002,7257,"['奇幻', '智斗']",9.7,115.0
1222,73412,18496,662,684136,6482,['漫画改'],9.5,114.0
1223,6051,17686,751,298137,6134,"['奇幻', '战斗']",9.6,124.0
1224,75452,17710,464,169364,2318,['奇幻'],8.4,110.0
1225,6041,17726,2789,604105,6428,"['少儿', '泡面']",9.5,182.0
1226,79352,17734,1608,360356,2614,['搞笑'],8.6,271.0
1227,4312002,17752,1432,466703,12716,"['机战', '科幻']",9.7,249.0
1228,1390,17868,332,201116,5604,"['奇幻', '热血', '架空', '冒险']",9.5,100.0
1229,125312,18026,973,478996,4642,"['热血', '机战']",9.6,229.0
1230,4309,18052,795,430121,8241,['日常'],9.6,148.0
1231,2019,18097,408,251263,940,"['日常', '少女', '治愈', '恋爱']",9.4,112.0
1232,5755,18126,880,454075,7321,"['架空', '冒险']",9.7,152.0
1233,4015,18135,765,306712,5929,"['热血', '机战', '科幻']",9.8,190.0
1234,28221445,17043,323,34404,1953,"['漫画改', '搞笑', '日常', '校园']",9.7,167.0
1235,2873,17050,1261,505707,13604,"['热血', '机战', '战斗', '时泪']",9.6,214.0
1236,79392,17090,4180,755082,4251,['治愈'],9.1,212.0
1237,1136,17175,122,39176,624,"['奇幻', '日常', '美食', '穿越']",9.4,101.0
1238,11652,17187,1044,511298,7045,"['萌系', '时泪', '少儿', '冒险']",9.7,145.0
1239,1823,17261,578,555592,21919,"['科幻', '热血', '机战']",9.8,123.0
1240,1580,17279,1855,480849,18254,"['日常', '社团']",9.7,101.0
1241,1251,17322,562,603774,26816,['热血'],9.6,124.0
1242,4953,17384,350,107563,3120,['战斗'],8.0,103.0
1243,128432,17416,933,214410,1999,['奇幻'],9.4,173.0
1244,51552,16485,1144,465086,6583,"['萌系', '时泪', '少儿', '穿越', '冒险']",9.6,119.0
1245,5255,16567,502,83208,807,[],9.5,153.0
1246,602,16584,393,141908,6091,"['日常', '泡面', '架空']",9.0,134.0
1247,28221522,16601,1126,172152,3413,"['漫画改', '科幻', '魔法', '校园', '战斗']",7.6,202.0
1248,95252,16690,1128,255437,8864,"['热血', '运动']",9.7,203.0
1249,6477,16733,898,356511,4437,[],9.1,106.0
1250,1651,16836,646,546688,10041,['运动'],9.7,186.0
1251,5695,16843,381,270427,3962,"['热血', '战斗']",9.3,114.0
1252,28222853,16062,887,140572,3017,"['小说改', '穿越', '奇幻', '战斗', '搞笑', '魔法', '冒险', '架空']",9.6,127.0
1253,3046,16077,354,185655,13157,"['少女', '日常', '治愈']",9.7,109.0
1254,4311302,16093,652,190449,4902,['治愈'],9.8,212.0
1255,28221676,16135,247,50146,3377,"['漫画改', '战斗', '冒险']",9.5,280.0
1256,2151,16127,666,161443,11304,"['历史', '热血']",9.6,215.0
1257,2552,16286,892,521058,16294,"['萌系', '奇幻', '科幻', '少儿', '冒险']",9.5,114.0
1258,2042,15612,809,337890,22975,"['奇幻', '日常']",9.6,207.0
1259,6085,15749,474,202230,4683,"['热血', '奇幻', '战斗']",9.3,101.0
1260,2435657,15761,457,81071,747,"['原创', '励志', '职场']",9.3,231.0
1261,3811,15784,1047,837372,15020,"['热血', '运动', '时泪']",9.7,274.0
1262,4314642,15220,1203,471015,15775,"['热血', '奇幻', '运动']",9.4,139.0
1263,734,15307,173,28557,706,"['萌系', '日常', '治愈']",9.7,165.0
1264,1850,15345,516,211292,8387,['日常'],9.6,135.0
1265,2954,15394,641,383343,12065,[],9.7,112.0
1266,5448,14869,21,144321,232,['奇幻'],9.5,149.0
1267,1913,14905,365,222168,5540,"['搞笑', '热血', '校园']",9.6,106.0
1268,1674,14989,690,1190120,10311,"['萌系', '日常', '治愈']",9.5,147.0
1269,1140,14992,399,305768,12650,"['历史', '热血']",9.1,100.0
1270,28220965,14357,424,116694,836,[],9.7,112.0
1271,113212,14397,979,368179,540,"['萌系', '偶像', '原创']",9.5,122.0
1272,28220989,14424,773,142234,2598,"['机战', '科幻', '漫画改']",9.7,222.0
1273,28221525,14557,1766,224106,5035,"['漫画改', '日常', '校园', '搞笑', '声控']",9.6,351.0
1274,1721,14628,8088,7985299,342963,"['热血', '战斗']",9.1,110.0
1275,133432,14642,990,430826,7494,"['萌系', '少女', '魔法']",9.6,151.0
1276,28220802,13947,753,352880,552,"['日常', '萌系', '泡面', '架空']",2.3,1951.0
1277,6181,13972,1086,670866,24474,"['热血', '科幻']",9.8,174.0
1278,3809,14235,786,801264,17453,"['热血', '运动', '时泪']",9.6,151.0
1279,28221492,13635,164,14527,610,"['奇幻', '原创']",9.7,115.0
1280,1675,13702,771,1141883,6901,"['萌系', '日常', '治愈']",9.2,147.0
1281,3810,13711,811,907097,17073,"['科幻', '运动', '时泪']",9.7,235.0
1282,732,13795,231,35745,1237,"['萌系', '日常', '治愈']",9.7,147.0
1283,9935117,13825,325,77505,2233,"['偶像', '少女']",8.8,102.0
1284,128792,13820,429,350686,4935,['机战'],9.1,106.0
1285,2562,13106,696,351639,12802,"['萌系', '奇幻', '科幻', '少儿', '穿越', '冒险']",9.7,100.0
1286,2849,13116,162,25569,530,"['治愈', '日常', '社团']",9.4,123.0
1287,4148,13120,930,209559,9228,"['科幻', '战斗', '架空']",9.5,109.0
1288,3872,12617,499,107228,2250,"['机战', '时泪', '穿越', '冒险']",9.5,108.0
1289,4455,12719,558,170837,4824,"['偶像', '少女']",9.6,141.0
1290,4314782,12751,694,77632,918,"['萌系', '校园', '社团', '少女']",9.7,195.0
1291,78592,12795,656,141070,3357,[],7.7,104.0
1292,733,12838,179,27915,898,"['萌系', '日常', '治愈']",9.6,120.0
1293,3582,12994,3801,1381328,42907,"['奇幻', '架空', '冒险']",9.4,116.0
1294,3808,12193,641,669247,11628,"['热血', '科幻']",9.6,142.0
1295,8232,12317,347,83565,3142,"['校园', '战斗']",9.3,122.0
1296,3771,12356,4220,1041368,32822,[],9.6,183.0
1297,12169111,12451,193,16676,1078,"['漫画改', '日常', '搞笑', '校园']",9.7,106.0
1298,133392,12465,639,315598,2979,"['萌系', '少女', '魔法']",9.5,126.0
1299,2436,12098,476,327861,16418,"['科幻', '热血', '机战']",9.8,126.0
1300,3836,11535,763,509619,5506,['少女'],9.7,152.0
1301,888,11592,669,334748,5425,"['日常', '泡面']",9.6,102.0
1302,3751,10942,3929,2124908,175242,"['搞笑', '校园']",9.6,181.0
1303,28222949,11183,540,80870,2380,"['小说改', '穿越', '奇幻', '萌系', '架空', '魔法']",9.0,149.0
1304,5468,11345,622,551061,38727,"['热血', '运动', '少儿']",9.8,153.0
1305,502,10744,547,708879,9661,"['运动', '热血']",9.8,144.0
1306,134692,10144,554,290497,4691,"['萌系', '少女', '魔法']",9.6,120.0
1307,83832,10197,1337,382169,7569,['少女'],9.6,286.0
1308,2224,10404,403,160275,9660,"['科幻', '热血']",9.7,115.0
1309,3752,9887,409,111787,1306,"['搞笑', '校园']",9.7,128.0
1310,3972,9913,216,124841,4743,"['奇幻', '战斗']",9.5,110.0
1311,4592,9581,673,556198,15755,"['萌系', '奇幻']",9.6,131.0
1312,6180,9588,819,511426,23653,"['热血', '科幻']",9.7,118.0
1313,4600,9679,1500,83135,476,['治愈'],9.7,277.0
1314,1676,9137,183,134830,1272,"['萌系', '日常', '治愈']",9.6,112.0
1315,1968,9195,196,33740,1001,['科幻'],9.5,102.0
1316,4926,9297,302,92722,3751,['萌系'],9.7,123.0
1317,929,8783,955,467865,35429,['历史'],9.7,141.0
1318,6049,8851,694,96284,1189,"['校园', '日常']",9.5,100.0
1319,3760,8542,639,118855,3040,"['奇幻', '时泪']",9.7,109.0
1320,5177,8593,379,175969,7218,['搞笑'],9.7,106.0
1321,4125,8612,462,70976,1788,['偶像'],9.5,101.0
1322,5467,8129,436,399010,32144,"['热血', '运动', '少儿']",9.7,106.0
1323,28220851,8187,622,287080,6558,"['少儿', '魔法', '少女']",9.8,114.0
1324,1907,8296,457,245965,24395,"['萌系', '热血']",9.8,102.0
1325,28222862,7577,505,61595,2604,"['小说改', '校园', '恋爱']",7.5,117.0
1326,5499,7620,922,250056,4117,['搞笑'],9.8,117.0
1327,8332,7124,405,106199,358,"['科幻', '泡面']",9.5,146.0
1328,6298,7221,1614,227580,6470,[],9.7,121.0
1329,5127,7360,416,75779,1648,"['校园', '励志']",9.7,115.0
1330,102612,6720,738,438890,25922,"['运动', '少儿']",9.7,132.0
1331,21952759,6249,437,55786,1055,"['原创', '搞笑', '科幻']",9.5,107.0
1332,89132,5645,878,161940,5373,['萌系'],9.7,121.0
1333,24103847,5248,2180,475414,1434,"['漫画改', '治愈']",9.2,147.0
1334,2481,5459,355,297067,38953,"['搞笑', '科幻', '热血']",9.1,205.0
1335,1160,4420,419,226955,11673,"['科幻', '热血']",9.7,141.0
1336,27601888,3859,280,58839,972,['原创'],9.4,133.0
